year_lunar_st,year_lunar_ed,year_greg_st,year_greg_ed,event_code,mainCategory,subCategory,vocabularyCode,magnitude,timeDuration,place_provin,place_EN,place_longit,place_latitu
1369,1369,1369,1369,152130029,15,21,300,2,9,江蘇省,Jiangsu,118.824123,32.118003,
1369,1369,1369,1369,152130029,15,21,300,2,9,江蘇省,Jiangsu,118.824123,32.118003,
1369,1369,1369,1369,152170000,15,21,700,0,0,江蘇省,Jiangsu,118.824123,32.118003,
1370,1370,1370,1370,152130029,15,21,300,2,9,江蘇省,Jiangsu,118.824123,32.118003,
1372,1372,1372,1372,152100009,15,21,000,0,9,江蘇省,Jiangsu,118.824123,32.118003,
1374,1374,1374,1374,152130229,15,21,302,2,9,江蘇省,Jiangsu,118.824123,32.118003,
1378,1378,1378,1378,152130029,15,21,300,2,9,江蘇省,Jiangsu,120.603069,31.309043,
1378,1378,1378,1378,152130029,15,21,300,2,9,江蘇省,Jiangsu,120.95298,31.323023,
1378,1378,1378,1378,152100009,15,21,000,0,9,江蘇省,Jiangsu,121.127022,31.551683,
1379,1379,1379,1379,152130229,15,21,302,2,9,江蘇省,Jiangsu,118.824123,32.118003,
1379,1379,1379,1379,152130229,15,21,302,2,9,江蘇省,Jiangsu,118.824123,32.118003,
1379,1379,1379,1379,152130229,15,21,302,2,9,江蘇省,Jiangsu,118.824123,32.118003,
1380,1380,1380,1380,152100009,15,21,000,0,9,江蘇省,Jiangsu,118.824123,32.118003,
1380,1380,1380,1380,152130229,15,21,302,2,9,江蘇省,Jiangsu,118.824123,32.118003,
1380,1380,1380,1380,152130229,15,21,302,2,9,江蘇省,Jiangsu,118.824123,32.118003,
1380,1380,1380,1380,152130029,15,21,300,2,9,江蘇省,Jiangsu,118.824123,32.118003,
1380,1380,1380,1380,152100009,15,21,000,0,9,江蘇省,Jiangsu,118.824123,32.118003,
1380,1380,1380,1380,152100009,15,21,000,0,9,江蘇省,Jiangsu,118.824123,32.118003,
1381,1381,1381,1381,152130229,15,21,302,2,9,江蘇省,Jiangsu,118.824123,32.118003,
1386,1386,1386,1386,152130229,15,21,302,2,9,江蘇省,Jiangsu,118.824123,32.118003,
1387,1387,1387,1387,152130029,15,21,300,2,9,江蘇省,Jiangsu,118.824123,32.118003,
1388,1388,1388,1388,152130229,15,21,302,2,9,江蘇省,Jiangsu,118.824123,32.118003,
1390,1390,1390,1390,152100009,15,21,000,0,9,江蘇省,Jiangsu,120.397516,31.224485,
1390,1390,1390,1390,152100009,15,21,000,0,9,江蘇省,Jiangsu,120.95298,31.323023,
1390,1390,1390,1390,150130029,15,01,300,2,9,江蘇省,Jiangsu,121.309149,31.968423,
1390,1390,1390,1390,152130029,15,21,300,2,9,江蘇省,Jiangsu,121.309149,31.968423,
1391,1391,1391,1391,152130029,15,21,300,2,9,江蘇省,Jiangsu,118.824123,32.118003,
1404,1404,1404,1404,152100009,15,21,000,0,9,江蘇省,Jiangsu,120.263248,32.034773,
1409,1409,1410,1410,152100009,15,21,000,0,9,江蘇省,Jiangsu,120.092824,32.219519,
1411,1411,1411,1411,152130222,15,21,302,2,2,江蘇省,Jiangsu,120.092824,32.219519,
1413,1413,1413,1413,152100009,15,21,000,0,9,江蘇省,Jiangsu,121.309149,31.968423,
1413,1413,1413,1413,152100009,15,21,000,0,9,江蘇省,Jiangsu,120.263248,32.034773,
1414,1414,1414,1414,152130029,15,21,300,2,9,江蘇省,Jiangsu,121.127022,31.551683,
1416,1416,1416,1416,150100009,15,01,000,0,9,江蘇省,Jiangsu,120.054135,33.30777,
1422,1422,1422,1422,152130029,15,21,300,2,9,江蘇省,Jiangsu,121.127022,31.551683,
1425,1425,1425,1425,152100009,15,21,000,0,9,江蘇省,Jiangsu,119.505288,32.116972,
1428,1428,1428,1428,152130429,15,21,304,2,9,江蘇省,Jiangsu,120.95298,31.323023,
1431,1431,1431,1431,152130029,15,21,300,2,9,江蘇省,Jiangsu,120.263248,32.034773,
1436,1436,1436,1436,150130029,15,01,300,2,9,江蘇省,Jiangsu,118.824123,32.118003,
1436,1436,1436,1436,152100009,15,21,000,0,9,江蘇省,Jiangsu,121.127022,31.551683,
1438,1438,1438,1438,152132129,15,21,321,2,9,江蘇省,Jiangsu,118.824123,32.118003,
1438,1438,1438,1438,152100089,15,21,000,8,9,江蘇省,Jiangsu,119.920709,31.748661,
1439,1439,1439,1439,152130029,15,21,300,2,9,江蘇省,Jiangsu,120.603069,31.309043,
1439,1439,1439,1439,152130029,15,21,300,2,9,江蘇省,Jiangsu,119.962155,31.776182,
1439,1439,1439,1439,152130029,15,21,300,2,9,江蘇省,Jiangsu,119.461049,32.203049,
1439,1439,1439,1439,152130029,15,21,300,2,9,江蘇省,Jiangsu,118.824123,32.118003,
1439,1439,1439,1439,152130029,15,21,300,2,9,江蘇省,Jiangsu,118.523523,32.032504,
1439,1439,1439,1439,152130029,15,21,300,2,9,江蘇省,Jiangsu,120.603069,31.309043,
1439,1439,1439,1439,152130029,15,21,300,2,9,江蘇省,Jiangsu,119.505288,32.116972,
1440,1440,1440,1440,152130029,15,21,300,2,9,江蘇省,Jiangsu,118.824123,32.118003,
1441,1441,1441,1441,152130029,15,21,300,2,9,江蘇省,Jiangsu,118.824123,32.118003,
1442,1442,1442,1442,152132129,15,21,321,2,9,江蘇省,Jiangsu,119.280564,33.503341,
1442,1442,1442,1442,152132129,15,21,321,2,9,江蘇省,Jiangsu,118.845237,34.151675,
1442,1442,1442,1442,150100009,15,01,000,0,9,江蘇省,Jiangsu,120.603069,31.309043,
1442,1442,1442,1442,150100009,15,01,000,0,9,江蘇省,Jiangsu,120.397516,31.224485,
1442,1442,1442,1442,150100009,15,01,000,0,9,江蘇省,Jiangsu,120.95298,31.323023,
1442,1442,1442,1442,152100009,15,21,000,0,9,江蘇省,Jiangsu,121.127022,31.551683,
1442,1442,1442,1442,152130029,15,21,300,2,9,江蘇省,Jiangsu,120.625761,31.01201,
1442,1442,1442,1442,152130029,15,21,300,2,9,江蘇省,Jiangsu,119.903954,32.513149,
1443,1443,1443,1443,152130029,15,21,300,2,9,江蘇省,Jiangsu,120.397516,31.224485,
1443,1443,1443,1443,152130029,15,21,300,2,9,江蘇省,Jiangsu,120.625761,31.01201,
1443,1443,1443,1443,152100009,15,21,000,0,9,江蘇省,Jiangsu,119.328894,34.618599,
1444,1444,1444,1444,152130029,15,21,300,2,9,江蘇省,Jiangsu,118.824123,32.118003,
1444,1444,1444,1444,152130029,15,21,300,2,9,江蘇省,Jiangsu,118.824123,32.118003,
1444,1444,1444,1444,152130021,15,21,300,2,1,江蘇省,Jiangsu,120.397516,31.224485,
1444,1444,1444,1444,152130029,15,21,300,2,9,江蘇省,Jiangsu,120.625761,31.01201,
1444,1444,1444,1444,152130029,15,21,300,2,9,江蘇省,Jiangsu,120.335992,31.567522,
1444,1444,1444,1444,152130029,15,21,300,2,9,江蘇省,Jiangsu,119.920709,31.748661,
1444,1444,1444,1444,152130029,15,21,300,2,9,江蘇省,Jiangsu,119.78552,31.358953,
1444,1444,1444,1444,152130022,15,21,300,2,2,江蘇省,Jiangsu,119.689557,32.536571,
1447,1447,1447,1447,152130029,15,21,300,2,9,江蘇省,Jiangsu,118.824123,32.118003,
1447,1447,1447,1447,152130029,15,21,300,2,9,江蘇省,Jiangsu,118.824123,32.118003,
1449,1449,1449,1449,152130029,15,21,300,2,9,江蘇省,Jiangsu,118.824123,32.118003,
1450,1450,1450,1450,152130029,15,21,300,2,9,江蘇省,Jiangsu,118.824123,32.118003,
1450,1450,1450,1450,152100009,15,21,000,0,9,江蘇省,Jiangsu,119.633618,31.95808,
1453,1453,1453,1453,152132129,15,21,321,2,9,江蘇省,Jiangsu,118.824123,32.118003,
1454,1454,1454,1454,152130029,15,21,300,2,9,江蘇省,Jiangsu,119.445274,32.406239,
1454,1454,1454,1454,152100009,15,21,000,0,9,江蘇省,Jiangsu,120.263248,32.034773,
1455,1455,1455,1455,152132129,15,21,321,2,9,江蘇省,Jiangsu,118.824123,32.118003,
1455,1455,1455,1455,152130029,15,21,300,2,9,江蘇省,Jiangsu,121.127022,31.551683,
1456,1456,1456,1456,152130029,15,21,300,2,9,江蘇省,Jiangsu,118.824123,32.118003,
1458,1458,1458,1458,152130229,15,21,302,2,9,江蘇省,Jiangsu,118.824123,32.118003,
1460,1460,1460,1460,152132023,15,21,320,2,3,江蘇省,Jiangsu,119.962155,31.776182,
1460,1460,1460,1460,152100009,15,21,000,0,9,江蘇省,Jiangsu,120.263248,32.034773,
1461,1461,1461,1461,152130029,15,21,300,2,9,江蘇省,Jiangsu,120.397516,31.224485,
1461,1461,1461,1461,152130029,15,21,300,2,9,江蘇省,Jiangsu,120.808317,31.655226,
1464,1464,1464,1464,152100009,15,21,000,0,9,江蘇省,Jiangsu,120.263248,32.034773,
1466,1466,1466,1466,152100009,15,21,000,0,9,江蘇省,Jiangsu,120.263248,32.034773,
1468,1468,1468,1468,152100009,15,21,000,0,9,江蘇省,Jiangsu,118.824123,32.118003,
1472,1472,1472,1472,152130029,15,21,300,2,9,江蘇省,Jiangsu,118.824123,32.118003,
1472,1472,1472,1472,152130029,15,21,300,2,9,江蘇省,Jiangsu,118.824123,32.118003,
1472,1472,1472,1472,152130029,15,21,300,2,9,江蘇省,Jiangsu,118.824123,32.118003,
1472,1472,1472,1472,152130029,15,21,300,2,9,江蘇省,Jiangsu,118.523523,32.032504,
1472,1472,1472,1472,152130029,15,21,300,2,9,江蘇省,Jiangsu,120.397516,31.224485,
1472,1472,1472,1472,152130029,15,21,300,2,9,江蘇省,Jiangsu,120.625761,31.01201,
1472,1472,1472,1472,152130029,15,21,300,2,9,江蘇省,Jiangsu,120.335992,31.567522,
1444,1444,1444,1444,152130029,15,21,300,2,9,江蘇省,Jiangsu,120.335992,31.567522,
1472,1472,1472,1472,152100009,15,21,000,0,9,江蘇省,Jiangsu,119.920709,31.748661,
1472,1472,1472,1472,152100009,15,21,000,0,9,江蘇省,Jiangsu,120.263248,32.034773,
1473,1473,1473,1473,152100004,15,21,000,0,4,江蘇省,Jiangsu,118.824123,32.118003,
1473,1473,1473,1473,152130029,15,21,300,2,9,江蘇省,Jiangsu,118.824123,32.118003,
1473,1473,1473,1473,152100009,15,21,000,0,9,江蘇省,Jiangsu,120.263248,32.034773,
1474,1474,1474,1474,152130029,15,21,300,2,9,江蘇省,Jiangsu,118.824123,32.118003,
1474,1474,1474,1474,151200009,15,12,000,0,9,江蘇省,Jiangsu,119.962155,31.776182,
1477,1477,1477,1477,152130027,15,21,300,2,7,江蘇省,Jiangsu,118.824123,32.118003,
1477,1477,1477,1477,152100009,15,21,000,0,9,江蘇省,Jiangsu,120.263248,32.034773,
1478,1478,1478,1478,152130029,15,21,300,2,9,江蘇省,Jiangsu,118.824123,32.118003,
1479,1479,1479,1479,152130029,15,21,300,2,9,江蘇省,Jiangsu,118.824123,32.118003,
1481,1481,1481,1481,152100009,15,21,000,0,9,江蘇省,Jiangsu,118.824123,32.118003,
1481,1481,1481,1481,152130029,15,21,300,2,9,江蘇省,Jiangsu,118.824123,32.118003,
1481,1481,1481,1481,152130029,15,21,300,2,9,江蘇省,Jiangsu,120.397516,31.224485,
1481,1481,1481,1481,152130229,15,21,302,2,9,江蘇省,Jiangsu,120.397516,31.224485,
1481,1481,1481,1481,152100009,15,21,000,0,9,江蘇省,Jiangsu,120.808317,31.655226,
1481,1481,1481,1481,150100009,15,01,000,0,9,江蘇省,Jiangsu,120.625761,31.01201,
1481,1481,1481,1482,152130021,15,21,300,2,1,江蘇省,Jiangsu,120.625761,31.01201,
1481,1481,1481,1481,152130029,15,21,300,2,9,江蘇省,Jiangsu,120.335992,31.567522,
1481,1481,1481,1481,152100009,15,21,000,0,9,江蘇省,Jiangsu,120.263248,32.034773,
1482,1482,1482,1482,152150400,15,21,504,0,0,江蘇省,Jiangsu,120.808317,31.655226,
1485,1485,1485,1485,152130029,15,21,300,2,9,江蘇省,Jiangsu,118.824123,32.118003,
1488,1488,1488,1488,152130029,15,21,300,2,9,江蘇省,Jiangsu,120.603069,31.309043,
1488,1488,1488,1488,152130021,15,21,300,2,1,江蘇省,Jiangsu,120.397516,31.224485,
1488,1488,1488,1488,152130021,15,21,300,2,1,江蘇省,Jiangsu,120.808317,31.655226,
1488,1488,1488,1488,152132021,15,21,320,2,1,江蘇省,Jiangsu,120.335992,31.567522,
1488,1488,1488,1488,152100009,15,21,000,0,9,江蘇省,Jiangsu,119.445274,32.406239,
1488,1488,1488,1488,152100009,15,21,000,0,9,江蘇省,Jiangsu,120.263248,32.034773,
1489,1489,1489,1489,152130029,15,21,300,2,9,江蘇省,Jiangsu,118.824123,32.118003,
1489,1489,1489,1489,152130029,15,21,300,2,9,江蘇省,Jiangsu,118.824123,32.118003,
1489,1490,1489,1490,152170000,15,21,700,0,0,江蘇省,Jiangsu,118.824123,32.118003,
1491,1491,1491,1491,152100009,15,21,000,0,9,江蘇省,Jiangsu,118.824123,32.118003,
1491,1491,1491,1491,152100009,15,21,000,0,9,江蘇省,Jiangsu,120.263248,32.034773,
1491,1491,1491,1491,152130429,15,21,304,2,9,江蘇省,Jiangsu,117.889775,34.399354,
1492,1492,1492,1492,152100009,15,21,000,0,9,江蘇省,Jiangsu,118.824123,32.118003,
1492,1492,1492,1492,152100009,15,21,000,0,9,江蘇省,Jiangsu,120.263248,32.034773,
1493,1493,1493,1493,152100009,15,21,000,0,9,江蘇省,Jiangsu,118.824123,32.118003,
1493,1493,1494,1494,152100009,15,21,000,0,9,江蘇省,Jiangsu,118.824123,32.118003,
1494,1494,1494,1494,152132129,15,21,321,2,9,江蘇省,Jiangsu,118.824123,32.118003,
1494,1494,1494,1494,152130129,15,21,301,2,9,江蘇省,Jiangsu,118.824123,32.118003,
1494,1494,1494,1494,152100009,15,21,000,0,9,江蘇省,Jiangsu,118.824123,32.118003,
1493,1493,1494,1494,152100009,15,21,000,0,9,江蘇省,Jiangsu,118.824123,32.118003,
1494,1494,1494,1494,152130229,15,21,302,2,9,江蘇省,Jiangsu,118.824123,32.118003,
1494,1494,1494,1494,152130029,15,21,300,2,9,江蘇省,Jiangsu,118.824123,32.118003,
1494,1494,1494,1494,152132129,15,21,321,2,9,江蘇省,Jiangsu,118.824123,32.118003,
1494,1494,1494,1494,152130029,15,21,300,2,9,江蘇省,Jiangsu,119.027201,31.595081,
1494,1494,1494,1494,152130029,15,21,300,2,9,江蘇省,Jiangsu,118.961703,31.332019,
1494,1494,1494,1494,152100009,15,21,000,0,9,江蘇省,Jiangsu,120.808317,31.655226,
1494,1494,1494,1494,152100009,15,21,000,0,9,江蘇省,Jiangsu,120.335992,31.567522,
1494,1494,1494,1494,152100009,15,21,000,0,9,江蘇省,Jiangsu,120.263248,32.034773,
1495,1495,1495,1495,152130229,15,21,302,2,9,江蘇省,Jiangsu,119.280564,33.503341,
1495,1495,1495,1495,152130229,15,21,302,2,9,江蘇省,Jiangsu,117.889775,34.399354,
1498,1498,1498,1498,152100009,15,21,000,0,9,江蘇省,Jiangsu,118.824123,32.118003,
1498,1498,1498,1498,152100089,15,21,000,8,9,江蘇省,Jiangsu,120.808317,31.655226,
1499,1499,1499,1499,152100009,15,21,000,0,9,江蘇省,Jiangsu,120.263248,32.034773,
1502,1502,1502,1502,152130229,15,21,302,2,9,江蘇省,Jiangsu,118.824123,32.118003,
1502,1502,1502,1502,152100009,15,21,000,0,9,江蘇省,Jiangsu,118.824123,32.118003,
1503,1503,1503,1503,152130029,15,21,300,2,9,江蘇省,Jiangsu,118.824123,32.118003,
1504,1504,1504,1504,152130029,15,21,300,2,9,江蘇省,Jiangsu,118.824123,32.118003,
1505,1505,1505,1505,152130029,15,21,300,2,9,江蘇省,Jiangsu,118.824123,32.118003,
1505,1505,1505,1505,152130029,15,21,300,2,9,江蘇省,Jiangsu,118.523523,32.032504,
1506,1506,1506,1506,152130229,15,21,302,2,9,江蘇省,Jiangsu,118.824123,32.118003,
1506,1506,1506,1506,152100009,15,21,000,0,9,江蘇省,Jiangsu,119.962155,31.776182,
1507,1507,1507,1507,152100009,15,21,000,0,9,江蘇省,Jiangsu,120.263248,32.034773,
1508,1508,1508,1508,152100009,15,21,000,0,9,江蘇省,Jiangsu,120.263248,32.034773,
1508,1508,1508,1508,152130129,15,21,301,2,9,江蘇省,Jiangsu,119.280564,33.503341,
1508,1508,1508,1508,150130029,15,01,300,2,9,江蘇省,Jiangsu,118.640902,33.70502,
1512,1512,1512,1512,152130229,15,21,302,2,9,江蘇省,Jiangsu,118.640902,33.70502,
1509,1509,1509,1509,152130029,15,21,300,2,9,江蘇省,Jiangsu,119.011685,33.501977,
1510,1510,1510,1510,152130029,15,21,300,2,9,江蘇省,Jiangsu,120.397516,31.224485,
1510,1510,1510,1510,152130029,15,21,300,2,9,江蘇省,Jiangsu,120.397516,31.224485,
1510,1510,1510,1510,152130124,15,21,301,2,4,江蘇省,Jiangsu,119.461049,32.203049,
1510,1510,1510,1510,152130124,15,21,301,2,4,江蘇省,Jiangsu,119.633618,31.95808,
1510,1510,1510,1510,152130124,15,21,301,2,4,江蘇省,Jiangsu,119.503724,31.722212,
1510,1510,1510,1510,152100009,15,21,000,0,9,江蘇省,Jiangsu,120.263248,32.034773,
1511,1511,1511,1511,152130029,15,21,300,2,9,江蘇省,Jiangsu,120.808317,31.655226,
1511,1511,1511,1511,152100009,15,21,000,0,9,江蘇省,Jiangsu,120.263248,32.034773,
1512,1512,1512,1513,152100029,15,21,000,2,9,江蘇省,Jiangsu,117.205594,34.271614,
1512,1512,1512,1513,152100029,15,21,000,2,9,江蘇省,Jiangsu,119.280564,33.503341,
1512,1512,1512,1512,152130029,15,21,300,2,9,江蘇省,Jiangsu,121.127022,31.551683,
1512,1512,1512,1512,152130029,15,21,300,2,9,江蘇省,Jiangsu,120.808317,31.655226,
1512,1512,1512,1512,152130021,15,21,300,2,1,江蘇省,Jiangsu,120.335992,31.567522,
1512,1512,1512,1512,152130029,15,21,300,2,9,江蘇省,Jiangsu,119.962155,31.776182,
1512,1512,1512,1512,152130029,15,21,300,2,9,江蘇省,Jiangsu,119.903954,32.513149,
1512,1512,1512,1512,152130029,15,21,300,2,9,江蘇省,Jiangsu,120.092824,32.219519,
1512,1512,1512,1512,152100009,15,21,000,0,9,江蘇省,Jiangsu,120.263248,32.034773,
1512,1512,1512,1512,152130029,15,21,300,2,9,江蘇省,Jiangsu,121.006976,32.078142,
1512,1512,1512,1512,150100009,15,01,000,0,9,江蘇省,Jiangsu,121.309149,31.968423,
1512,1512,1512,1512,150100009,15,01,000,0,9,江蘇省,Jiangsu,118.640902,33.70502,
1512,1512,1512,1512,150100009,15,01,000,0,9,江蘇省,Jiangsu,120.553937,32.784224,
1512,1512,1512,1512,152130029,15,21,300,2,9,江蘇省,Jiangsu,116.603152,34.690638,
1513,1513,1513,1513,152100009,15,21,000,0,9,江蘇省,Jiangsu,120.263248,32.034773,
1515,1515,1515,1515,152100009,15,21,000,0,9,江蘇省,Jiangsu,120.263248,32.034773,
1515,1515,1515,1515,152130229,15,21,302,2,9,江蘇省,Jiangsu,121.006976,32.078142,
1517,1517,1517,1517,152130029,15,21,300,2,9,江蘇省,Jiangsu,118.824123,32.118003,
1517,1517,1517,1517,152130029,15,21,300,2,9,江蘇省,Jiangsu,118.824123,32.118003,
1518,1518,1518,1518,152130029,15,21,300,2,9,江蘇省,Jiangsu,120.95298,31.323023,
1518,1518,1518,1518,151100009,15,11,000,0,9,江蘇省,Jiangsu,120.808317,31.655226,
1519,1519,1519,1519,152130029,15,21,300,2,9,江蘇省,Jiangsu,119.445274,32.406239,
1519,1519,1519,1519,152130029,15,21,300,2,9,江蘇省,Jiangsu,119.490634,32.831306,
1519,1519,1519,1519,152130029,15,21,300,2,9,江蘇省,Jiangsu,120.553937,32.784224,
1520,1520,1520,1520,152130629,15,21,306,2,9,江蘇省,Jiangsu,118.824123,32.118003,
1520,1520,1520,1520,152130029,15,21,300,2,9,江蘇省,Jiangsu,118.523523,32.032504,
1520,1520,1520,1520,152130029,15,21,300,2,9,江蘇省,Jiangsu,118.837253,32.406633,
1520,1520,1520,1520,152100009,15,21,000,0,9,江蘇省,Jiangsu,120.263248,32.034773,
1521,1521,1521,1521,152100009,15,21,000,0,9,江蘇省,Jiangsu,120.263248,32.034773,
1522,1522,1522,1522,152130029,15,21,300,2,9,江蘇省,Jiangsu,118.824123,32.118003,
1522,1522,1522,1522,152130029,15,21,300,2,9,江蘇省,Jiangsu,118.824123,32.118003,
1522,1522,1522,1522,152130429,15,21,304,2,9,江蘇省,Jiangsu,118.824123,32.118003,
1522,1522,1522,1522,150130029,15,01,300,2,9,江蘇省,Jiangsu,118.824123,32.118003,
1522,1522,1522,1522,152130029,15,21,300,2,9,江蘇省,Jiangsu,118.824123,32.118003,
1522,1522,1522,1522,152130229,15,21,302,2,9,江蘇省,Jiangsu,118.824123,32.118003,
1522,1522,1522,1522,152130029,15,21,300,2,9,江蘇省,Jiangsu,118.824123,32.118003,
1522,1522,1522,1522,152130029,15,21,300,2,9,江蘇省,Jiangsu,118.523523,32.032504,
1522,1522,1522,1522,152130029,15,21,300,2,9,江蘇省,Jiangsu,118.837253,32.406633,
1522,1522,1522,1522,152100009,15,21,000,0,9,江蘇省,Jiangsu,120.397516,31.224485,
1522,1522,1522,1522,150130029,15,01,300,2,9,江蘇省,Jiangsu,120.95298,31.323023,
1522,1522,1522,1522,150130029,15,01,300,2,9,江蘇省,Jiangsu,121.127022,31.551683,
1522,1522,1522,1522,150100000,15,01,000,0,0,江蘇省,Jiangsu,121.127022,31.551683,
1522,1522,1522,1522,152130529,15,21,305,2,9,江蘇省,Jiangsu,121.127022,31.551683,
1522,1522,1522,1522,152130029,15,21,300,2,9,江蘇省,Jiangsu,120.808317,31.655226,
1522,1522,1522,1522,152130022,15,21,300,2,2,江蘇省,Jiangsu,120.625761,31.01201,
1522,1522,1522,1522,152130029,15,21,300,2,9,江蘇省,Jiangsu,120.335992,31.567522,
1522,1522,1522,1522,152100009,15,21,000,0,9,江蘇省,Jiangsu,119.920709,31.748661,
1522,1522,1522,1522,152130029,15,21,300,2,9,江蘇省,Jiangsu,119.445274,32.406239,
1522,1522,1522,1522,152130029,15,21,300,2,9,江蘇省,Jiangsu,119.188204,32.388233,
1522,1522,1522,1522,152130029,15,21,300,2,9,江蘇省,Jiangsu,119.903954,32.513149,
1522,1522,1522,1522,152130029,15,21,300,2,9,江蘇省,Jiangsu,120.092824,32.219519,
1522,1522,1522,1522,152100009,15,21,000,0,9,江蘇省,Jiangsu,120.263248,32.034773,
1522,1522,1522,1522,152130029,15,21,300,2,9,江蘇省,Jiangsu,120.263248,32.034773,
1522,1522,1522,1522,152130029,15,21,300,2,9,江蘇省,Jiangsu,121.006976,32.078142,
1522,1522,1522,1522,152130029,15,21,300,2,9,江蘇省,Jiangsu,120.568183,32.264155,
1522,1522,1522,1522,152130029,15,21,300,2,9,江蘇省,Jiangsu,119.280564,33.503341,
1522,1522,1522,1522,152130729,15,21,307,2,9,江蘇省,Jiangsu,120.054135,33.30777,
1522,1522,1522,1522,152130229,15,21,302,2,9,江蘇省,Jiangsu,120.553937,32.784224,
1523,1523,1523,1523,152130029,15,21,300,2,9,江蘇省,Jiangsu,120.397516,31.224485,
1523,1523,1523,1523,152130129,15,21,301,2,9,江蘇省,Jiangsu,120.335992,31.567522,
1523,1523,1523,1523,152130029,15,21,300,2,9,江蘇省,Jiangsu,119.490634,32.831306,
1523,1523,1523,1523,153200009,15,32,000,0,9,江蘇省,Jiangsu,118.921746,33.658644,
1528,1528,1528,1528,152130029,15,21,300,2,9,江蘇省,Jiangsu,120.397516,31.224485,
1528,1528,1528,1528,151200009,15,12,000,0,9,江蘇省,Jiangsu,119.442397,33.221142,
1528,1528,1528,1528,151100009,15,11,000,0,9,江蘇省,Jiangsu,118.312504,33.963181,
1529,1529,1529,1529,150100009,15,01,000,0,9,江蘇省,Jiangsu,120.603069,31.309043,
1529,1529,1529,1529,152130029,15,21,300,2,9,江蘇省,Jiangsu,120.397516,31.224485,
1529,1529,1529,1529,152130029,15,21,300,2,9,江蘇省,Jiangsu,120.263248,32.034773,
1532,1532,1532,1532,152130029,15,21,300,2,9,江蘇省,Jiangsu,119.188204,32.388233,
1538,1538,1538,1538,152130229,15,21,302,2,9,江蘇省,Jiangsu,120.603069,31.309043,
1539,1539,1539,1539,152100009,15,21,000,0,9,江蘇省,Jiangsu,119.445274,32.406239,
1539,1539,1539,1539,152100009,15,21,000,0,9,江蘇省,Jiangsu,120.263248,32.034773,
1539,1539,1539,1539,150100009,15,01,000,0,9,江蘇省,Jiangsu,121.309149,31.968423,
1539,1539,1539,1539,152130029,15,21,300,2,9,江蘇省,Jiangsu,119.280564,33.503341,
1539,1539,1539,1539,152130029,15,21,300,2,9,江蘇省,Jiangsu,118.921746,33.658644,
1539,1539,1539,1539,152130029,15,21,300,2,9,江蘇省,Jiangsu,118.640902,33.70502,
1539,1539,1539,1539,152130029,15,21,300,2,9,江蘇省,Jiangsu,120.054135,33.30777,
1539,1539,1539,1539,152130029,15,21,300,2,9,江蘇省,Jiangsu,119.328894,34.618599,
1550,1550,1550,1550,152100039,15,21,000,3,9,江蘇省,Jiangsu,118.921746,33.658644,
1552,1552,1552,1552,152100009,15,21,000,0,9,江蘇省,Jiangsu,120.263248,32.034773,
1553,1553,1553,1553,152130029,15,21,300,2,9,江蘇省,Jiangsu,120.603069,31.309043,
1557,1557,1557,1557,152130029,15,21,300,2,9,江蘇省,Jiangsu,120.397516,31.224485,
1557,1557,1557,1557,152130029,15,21,300,2,9,江蘇省,Jiangsu,119.280564,33.503341,
1557,1557,1557,1557,152130029,15,21,300,2,9,江蘇省,Jiangsu,119.311997,33.880774,
1558,1558,1558,1558,151100009,15,11,000,0,9,江蘇省,Jiangsu,119.689557,32.536571,
1558,1558,1558,1558,152130029,15,21,300,2,9,江蘇省,Jiangsu,119.689557,32.536571,
1558,1558,1558,1558,152130029,15,21,300,2,9,江蘇省,Jiangsu,118.312504,33.963181,
1558,1558,1558,1558,151100009,15,11,000,0,9,江蘇省,Jiangsu,118.312504,33.963181,
1561,1561,1561,1561,152130029,15,21,300,2,9,江蘇省,Jiangsu,120.397516,31.224485,
1561,1561,1561,1561,152100039,15,21,000,3,9,江蘇省,Jiangsu,120.263248,32.034773,
1561,1561,1561,1561,152100039,15,21,000,3,9,江蘇省,Jiangsu,120.263248,32.034773,
1561,1561,1561,1561,152100039,15,21,000,3,9,江蘇省,Jiangsu,120.263248,32.034773,
1561,1561,1561,1561,152100039,15,21,000,3,9,江蘇省,Jiangsu,120.263248,32.034773,
1562,1562,1562,1562,152130029,15,21,300,2,9,江蘇省,Jiangsu,118.837253,32.406633,
1565,1565,1565,1565,152130029,15,21,300,2,9,江蘇省,Jiangsu,120.335992,31.567522,
1565,1565,1565,1565,152130029,15,21,300,2,9,江蘇省,Jiangsu,120.29982,31.833936,
1565,1565,1565,1565,152130029,15,21,300,2,9,江蘇省,Jiangsu,119.920709,31.748661,
1566,1566,1566,1566,152130029,15,21,300,2,9,江蘇省,Jiangsu,118.824123,32.118003,
1567,1567,1567,1567,152130029,15,21,300,2,9,江蘇省,Jiangsu,120.335992,31.567522,
1567,1567,1567,1567,152130029,15,21,300,2,9,江蘇省,Jiangsu,120.29982,31.833936,
1567,1567,1567,1567,152130029,15,21,300,2,9,江蘇省,Jiangsu,119.920709,31.748661,
1567,1567,1567,1567,152130029,15,21,300,2,9,江蘇省,Jiangsu,120.263248,32.034773,
1568,1568,1568,1568,152130029,15,21,300,2,9,江蘇省,Jiangsu,120.397516,31.224485,
1568,1568,1568,1568,152130029,15,21,300,2,9,江蘇省,Jiangsu,121.127022,31.551683,
1568,1568,1568,1568,152130029,15,21,300,2,9,江蘇省,Jiangsu,120.808317,31.655226,
1568,1568,1568,1568,152130029,15,21,300,2,9,江蘇省,Jiangsu,120.335992,31.567522,
1568,1568,1568,1568,152100009,15,21,000,0,9,江蘇省,Jiangsu,120.29982,31.833936,
1568,1568,1568,1568,152130029,15,21,300,2,9,江蘇省,Jiangsu,120.29982,31.833936,
1568,1568,1568,1568,152130029,15,21,300,2,9,江蘇省,Jiangsu,119.490634,32.831306,
1568,1568,1568,1568,152100009,15,21,000,0,9,江蘇省,Jiangsu,120.092824,32.219519,
1568,1568,1568,1568,152130020,15,21,300,2,0,江蘇省,Jiangsu,117.205594,34.271614,
1568,1568,1568,1568,152130029,15,21,300,2,9,江蘇省,Jiangsu,116.603152,34.690638,
1568,1568,1568,1568,152130029,15,21,300,2,9,江蘇省,Jiangsu,116.897453,34.699891,
1569,1569,1569,1569,150100009,15,01,000,0,9,江蘇省,Jiangsu,120.397516,31.224485,
1569,1569,1569,1569,152130429,15,21,304,2,9,江蘇省,Jiangsu,120.397516,31.224485,
1569,1569,1569,1569,150130029,15,01,300,2,9,江蘇省,Jiangsu,121.127022,31.551683,
1569,1569,1569,1569,152130129,15,21,301,2,9,江蘇省,Jiangsu,119.442397,33.221142,
1569,1569,1569,1569,152130029,15,21,300,2,9,江蘇省,Jiangsu,120.092824,32.219519,
1569,1569,1569,1569,152130229,15,21,302,2,9,江蘇省,Jiangsu,121.006976,32.078142,
1569,1569,1569,1569,152130029,15,21,300,2,9,江蘇省,Jiangsu,118.845237,34.151675,
1569,1569,1569,1569,152130029,15,21,300,2,9,江蘇省,Jiangsu,119.328894,34.618599,
1569,1569,1569,1569,152130029,15,21,300,2,9,江蘇省,Jiangsu,119.027584,34.888509,
1569,1569,1569,1569,152130029,15,21,300,2,9,江蘇省,Jiangsu,118.921746,33.658644,
1569,1569,1569,1569,152130029,15,21,300,2,9,江蘇省,Jiangsu,118.921746,33.658644,
1569,1569,1569,1569,152130029,15,21,300,2,9,江蘇省,Jiangsu,118.921746,33.658644,
1573,1573,1573,1573,152100009,15,21,000,0,9,江蘇省,Jiangsu,120.263248,32.034773,
1573,1573,1573,1573,152130029,15,21,300,2,9,江蘇省,Jiangsu,118.845237,34.151675,
1573,1573,1573,1573,152100009,15,21,000,0,9,江蘇省,Jiangsu,118.312504,33.963181,
1574,1574,1574,1574,152130629,15,21,306,2,9,江蘇省,Jiangsu,118.824123,32.118003,
1574,1574,1574,1574,152130329,15,21,303,2,9,江蘇省,Jiangsu,120.95298,31.323023,
1574,1574,1574,1574,152130629,15,21,306,2,9,江蘇省,Jiangsu,119.445274,32.406239,
1574,1574,1574,1574,152130029,15,21,300,2,9,江蘇省,Jiangsu,119.981765,32.956244,
1574,1574,1574,1574,152130029,15,21,300,2,9,江蘇省,Jiangsu,120.092824,32.219519,
1574,1574,1574,1574,152130629,15,21,306,2,9,江蘇省,Jiangsu,121.006976,32.078142,
1574,1574,1574,1574,152130029,15,21,300,2,9,江蘇省,Jiangsu,120.568183,32.264155,
1574,1574,1574,1574,152130429,15,21,304,2,9,江蘇省,Jiangsu,119.280564,33.503341,
1574,1574,1574,1574,152130029,15,21,300,2,9,江蘇省,Jiangsu,118.921746,33.658644,
1574,1574,1574,1574,152130029,15,21,300,2,9,江蘇省,Jiangsu,118.312504,33.963181,
1574,1574,1574,1574,152100009,15,21,000,0,9,江蘇省,Jiangsu,118.524543,32.96793,
1574,1574,1574,1574,152130629,15,21,306,2,9,江蘇省,Jiangsu,118.524543,32.96793,
1574,1574,1574,1574,152130629,15,21,306,2,9,江蘇省,Jiangsu,118.524543,32.96793,
1574,1574,1574,1574,152130029,15,21,300,2,9,江蘇省,Jiangsu,120.054135,33.30777,
1574,1574,1574,1574,152130129,15,21,301,2,9,江蘇省,Jiangsu,120.054135,33.30777,
1574,1574,1574,1574,152130029,15,21,300,2,9,江蘇省,Jiangsu,117.876958,33.944061,
1575,1575,1575,1575,150100002,15,01,000,0,2,江蘇省,Jiangsu,120.397516,31.224485,
1575,1575,1575,1575,152130009,15,21,300,0,9,江蘇省,Jiangsu,120.397516,31.224485,
1575,1575,1575,1575,150100003,15,01,000,0,3,江蘇省,Jiangsu,121.127022,31.551683,
1575,1575,1575,1575,152130029,15,21,300,2,9,江蘇省,Jiangsu,119.903954,32.513149,
1575,1575,1575,1575,152130029,15,21,300,2,9,江蘇省,Jiangsu,119.903954,32.513149,
1575,1575,1575,1575,152130029,15,21,300,2,9,江蘇省,Jiangsu,120.092824,32.219519,
1575,1575,1575,1575,152130029,15,21,300,2,9,江蘇省,Jiangsu,121.006976,32.078142,
1575,1575,1575,1575,152130029,15,21,300,2,9,江蘇省,Jiangsu,120.568183,32.264155,
1575,1575,1575,1575,152130029,15,21,300,2,9,江蘇省,Jiangsu,119.280564,33.503341,
1575,1575,1575,1575,152130429,15,21,304,2,9,江蘇省,Jiangsu,119.280564,33.503341,
1575,1575,1575,1575,152130029,15,21,300,2,9,江蘇省,Jiangsu,119.311997,33.880774,
1575,1575,1575,1575,152130029,15,21,300,2,9,江蘇省,Jiangsu,118.640902,33.70502,
1575,1575,1575,1575,152130029,15,21,300,2,9,江蘇省,Jiangsu,120.553937,32.784224,
1577,1577,1577,1577,152130629,15,21,306,2,9,江蘇省,Jiangsu,119.280564,33.503341,
1578,1578,1578,1579,152100009,15,21,000,0,9,江蘇省,Jiangsu,120.808317,31.655226,
1578,1578,1578,1578,152130229,15,21,302,2,9,江蘇省,Jiangsu,119.442397,33.221142,
1578,1578,1578,1578,152130029,15,21,300,2,9,江蘇省,Jiangsu,116.603152,34.690638,
1579,1579,1579,1579,152130629,15,21,306,2,9,江蘇省,Jiangsu,120.397516,31.224485,
1579,1579,1579,1579,152130029,15,21,300,2,9,江蘇省,Jiangsu,120.397516,31.224485,
1579,1579,1579,1579,152100009,15,21,000,0,9,江蘇省,Jiangsu,120.808317,31.655226,
1579,1579,1579,1579,152130029,15,21,300,2,9,江蘇省,Jiangsu,119.445274,32.406239,
1579,1579,1579,1579,152130029,15,21,300,2,9,江蘇省,Jiangsu,119.445274,32.406239,
1579,1579,1579,1579,152130029,15,21,300,2,9,江蘇省,Jiangsu,119.188204,32.388233,
1579,1579,1579,1579,152130029,15,21,300,2,9,江蘇省,Jiangsu,119.188204,32.388233,
1580,1580,1580,1580,152130029,15,21,300,2,9,江蘇省,Jiangsu,118.524543,32.96793,
1581,1581,1581,1581,150100022,15,01,000,2,2,江蘇省,Jiangsu,120.808317,31.655226,
1581,1581,1581,1581,152130122,15,21,301,2,2,江蘇省,Jiangsu,120.808317,31.655226,
1581,1581,1581,1581,152130029,15,21,300,2,9,江蘇省,Jiangsu,119.461049,32.203049,
1581,1581,1581,1581,152130129,15,21,301,2,9,江蘇省,Jiangsu,120.092824,32.219519,
1581,1581,1581,1582,152130029,15,21,300,2,9,江蘇省,Jiangsu,120.092824,32.219519,
1581,1581,1581,1581,152130029,15,21,300,2,9,江蘇省,Jiangsu,120.263248,32.034773,
1581,1581,1581,1581,152130629,15,21,306,2,9,江蘇省,Jiangsu,119.280564,33.503341,
1581,1581,1581,1581,152130029,15,21,300,2,9,江蘇省,Jiangsu,118.312504,33.963181,
1581,1581,1581,1581,152130029,15,21,300,2,9,江蘇省,Jiangsu,120.054135,33.30777,
1581,1581,1581,1581,152130629,15,21,306,2,9,江蘇省,Jiangsu,117.876958,33.944061,
1582,1582,1582,1582,152130022,15,21,300,2,2,江蘇省,Jiangsu,120.603069,31.309043,
1582,1582,1582,1582,152130022,15,21,300,2,2,江蘇省,Jiangsu,121.127022,31.551683,
1582,1582,1582,1582,150130029,15,01,300,2,9,江蘇省,Jiangsu,120.808317,31.655226,
1582,1582,1582,1582,152130029,15,21,300,2,9,江蘇省,Jiangsu,120.625761,31.01201,
1582,1582,1582,1582,152130029,15,21,300,2,9,江蘇省,Jiangsu,120.625761,31.01201,
1582,1582,1582,1582,152130029,15,21,300,2,9,江蘇省,Jiangsu,119.445274,32.406239,
1582,1582,1582,1582,152130029,15,21,300,2,9,江蘇省,Jiangsu,119.445274,32.406239,
1582,1582,1582,1582,152130029,15,21,300,2,9,江蘇省,Jiangsu,119.981765,32.956244,
1582,1582,1582,1582,152130029,15,21,300,2,9,江蘇省,Jiangsu,119.442397,33.221142,
1582,1582,1582,1582,152130229,15,21,302,2,9,江蘇省,Jiangsu,119.442397,33.221142,
1582,1582,1582,1582,152100009,15,21,000,0,9,江蘇省,Jiangsu,120.263248,32.034773,
1582,1582,1582,1582,152130029,15,21,300,2,9,江蘇省,Jiangsu,121.006976,32.078142,
1582,1582,1582,1582,152130029,15,21,300,2,9,江蘇省,Jiangsu,120.568183,32.264155,
1582,1582,1582,1582,152130629,15,21,306,2,9,江蘇省,Jiangsu,119.280564,33.503341,
1582,1582,1582,1582,152130629,15,21,306,2,9,江蘇省,Jiangsu,119.280564,33.503341,
1582,1582,1582,1582,150100009,15,01,000,0,9,江蘇省,Jiangsu,119.280564,33.503341,
1582,1582,1582,1582,152130629,15,21,306,2,9,江蘇省,Jiangsu,119.311997,33.880774,
1582,1582,1582,1582,152130629,15,21,306,2,9,江蘇省,Jiangsu,118.312504,33.963181,
1582,1582,1582,1582,152130629,15,21,306,2,9,江蘇省,Jiangsu,118.312504,33.963181,
1582,1582,1582,1582,150130029,15,01,300,2,9,江蘇省,Jiangsu,120.054135,33.30777,
1582,1582,1582,1582,152100009,15,21,000,0,9,江蘇省,Jiangsu,120.054135,33.30777,
1582,1582,1582,1582,152130022,15,21,300,2,2,江蘇省,Jiangsu,120.054135,33.30777,
1582,1582,1582,1582,152130029,15,21,300,2,9,江蘇省,Jiangsu,119.328894,34.618599,
1583,1583,1583,1583,152130229,15,21,302,2,9,江蘇省,Jiangsu,119.442397,33.221142,
1583,1583,1583,1583,152130029,15,21,300,2,9,江蘇省,Jiangsu,120.054135,33.30777,
1587,1587,1587,1587,152130029,15,21,300,2,9,江蘇省,Jiangsu,120.808317,31.655226,
1586,1586,1586,1586,150100009,15,01,000,0,9,江蘇省,Jiangsu,119.903954,32.513149,
1586,1586,1586,1586,152130129,15,21,301,2,9,江蘇省,Jiangsu,119.280564,33.503341,
1586,1586,1586,1586,150100009,15,01,000,0,9,江蘇省,Jiangsu,120.553937,32.784224,
1587,1587,1587,1587,150100005,15,01,000,0,5,江蘇省,Jiangsu,118.824123,32.118003,
1587,1587,1587,1587,150130029,15,01,300,2,9,江蘇省,Jiangsu,118.824123,32.118003,
1587,1587,1587,1587,152130021,15,21,300,2,1,江蘇省,Jiangsu,120.397516,31.224485,
1587,1587,1587,1587,152130529,15,21,305,2,9,江蘇省,Jiangsu,120.808317,31.655226,
1587,1587,1587,1587,152130529,15,21,305,2,9,江蘇省,Jiangsu,120.808317,31.655226,
1587,1587,1587,1587,150100039,15,01,000,3,9,江蘇省,Jiangsu,120.808317,31.655226,
1587,1587,1587,1587,152130021,15,21,300,2,1,江蘇省,Jiangsu,120.625761,31.01201,
1587,1587,1587,1587,152130029,15,21,300,2,9,江蘇省,Jiangsu,120.335992,31.567522,
1587,1587,1587,1587,152130029,15,21,300,2,9,江蘇省,Jiangsu,119.78552,31.358953,
1587,1587,1587,1587,152130029,15,21,300,2,9,江蘇省,Jiangsu,119.920709,31.748661,
1587,1587,1587,1587,150130029,15,01,300,2,9,江蘇省,Jiangsu,119.920709,31.748661,
1587,1587,1587,1587,152130429,15,21,304,2,9,江蘇省,Jiangsu,119.903954,32.513149,
1587,1587,1587,1587,152100009,15,21,000,0,9,江蘇省,Jiangsu,120.263248,32.034773,
1587,1587,1587,1587,152130429,15,21,304,2,9,江蘇省,Jiangsu,120.553937,32.784224,
1589,1589,1589,1589,150130029,15,01,300,2,9,江蘇省,Jiangsu,118.824123,32.118003,
1589,1589,1589,1589,152130029,15,21,300,2,9,江蘇省,Jiangsu,119.280564,33.503341,
1590,1590,1590,1590,152130029,15,21,300,2,9,江蘇省,Jiangsu,119.280564,33.503341,
1590,1590,1590,1590,152130029,15,21,300,2,9,江蘇省,Jiangsu,119.280564,33.503341,
1590,1590,1590,1590,152130029,15,21,300,2,9,江蘇省,Jiangsu,118.921746,33.658644,
1590,1590,1590,1590,152130029,15,21,300,2,9,江蘇省,Jiangsu,119.311997,33.880774,
1590,1590,1590,1590,152130029,15,21,300,2,9,江蘇省,Jiangsu,118.640902,33.70502,
1591,1591,1591,1591,152130220,15,21,302,2,0,江蘇省,Jiangsu,118.824123,32.118003,
1591,1591,1591,1591,152130029,15,21,300,2,9,江蘇省,Jiangsu,120.397516,31.224485,
1591,1591,1591,1591,152130229,15,21,302,2,9,江蘇省,Jiangsu,119.442397,33.221142,
1591,1591,1591,1591,152100009,15,21,000,0,9,江蘇省,Jiangsu,120.263248,32.034773,
1591,1591,1591,1591,152130223,15,21,302,2,3,江蘇省,Jiangsu,119.280564,33.503341,
1591,1591,1591,1591,152130220,15,21,302,2,0,江蘇省,Jiangsu,119.311997,33.880774,
1592,1592,1592,1592,152130029,15,21,300,2,9,江蘇省,Jiangsu,116.897453,34.699891,
1593,1593,1593,1593,152130020,15,21,300,2,0,江蘇省,Jiangsu,119.442397,33.221142,
1593,1593,1593,1593,152130629,15,21,306,2,9,江蘇省,Jiangsu,119.280564,33.503341,
1594,1594,1594,1594,152100009,15,21,000,0,9,江蘇省,Jiangsu,118.824123,32.118003,
1594,1594,1594,1594,152100009,15,21,000,0,9,江蘇省,Jiangsu,118.312504,33.963181,
1594,1594,1594,1594,152100009,15,21,000,0,9,江蘇省,Jiangsu,119.328894,34.618599,
1596,1596,1596,1596,152100009,15,21,000,0,9,江蘇省,Jiangsu,118.837253,32.406633,
1596,1596,1596,1596,150100009,15,01,000,0,9,江蘇省,Jiangsu,121.127022,31.551683,
1596,1596,1596,1596,150100009,15,01,000,0,9,江蘇省,Jiangsu,120.808317,31.655226,
1596,1596,1596,1596,150100009,15,01,000,0,9,江蘇省,Jiangsu,118.312504,33.963181,
1597,1597,1597,1597,152130029,15,21,300,2,9,江蘇省,Jiangsu,120.29982,31.833936,
1597,1597,1597,1597,152130029,15,21,300,2,9,江蘇省,Jiangsu,119.311997,33.880774,
1597,1597,1597,1597,152130029,15,21,300,2,9,江蘇省,Jiangsu,116.897453,34.699891,
1599,1599,1600,1600,152130029,15,21,300,2,9,江蘇省,Jiangsu,116.897453,34.699891,
1600,1600,1600,1600,150100009,15,01,000,0,9,江蘇省,Jiangsu,120.808317,31.655226,
1600,1600,1600,1600,152130029,15,21,300,2,9,江蘇省,Jiangsu,119.280564,33.503341,
1600,1600,1600,1600,152130029,15,21,300,2,9,江蘇省,Jiangsu,119.280564,33.503341,
1600,1600,1600,1600,152130029,15,21,300,2,9,江蘇省,Jiangsu,119.311997,33.880774,
1600,1600,1600,1600,152130029,15,21,300,2,9,江蘇省,Jiangsu,118.312504,33.963181,
1603,1603,1603,1603,152130429,15,21,304,2,9,江蘇省,Jiangsu,119.920709,31.748661,
1603,1603,1603,1603,152130429,15,21,304,2,9,江蘇省,Jiangsu,119.78552,31.358953,
1605,1605,1605,1605,152130229,15,21,302,2,9,江蘇省,Jiangsu,119.280564,33.503341,
1605,1605,1605,1605,152130229,15,21,302,2,9,江蘇省,Jiangsu,119.311997,33.880774,
1607,1607,1607,1607,152100009,15,21,000,0,9,江蘇省,Jiangsu,119.328894,34.618599,
1608,1608,1608,1608,150100009,15,01,000,0,9,江蘇省,Jiangsu,120.808317,31.655226,
1610,1610,1610,1610,152130029,15,21,300,2,9,江蘇省,Jiangsu,119.280564,33.503341,
1612,1612,1613,1613,152100089,15,21,000,8,9,江蘇省,Jiangsu,118.961703,31.332019,
1612,1612,1612,1612,152130422,15,21,304,2,2,江蘇省,Jiangsu,120.808317,31.655226,
1612,1612,1612,1612,150100009,15,01,000,0,9,江蘇省,Jiangsu,120.808317,31.655226,
1612,1612,1612,1612,152130029,15,21,300,2,9,江蘇省,Jiangsu,120.29982,31.833936,
1612,1612,1612,1612,152130629,15,21,306,2,9,江蘇省,Jiangsu,118.640902,33.70502,
1612,1612,1612,1612,152100009,15,21,000,0,9,江蘇省,Jiangsu,118.640902,33.70502,
1614,1614,1614,1614,152130029,15,21,300,2,9,江蘇省,Jiangsu,119.280564,33.503341,
1616,1616,1616,1616,152130029,15,21,300,2,9,江蘇省,Jiangsu,119.280564,33.503341,
1617,1617,1617,1617,151100009,15,11,000,0,9,江蘇省,Jiangsu,120.263248,32.034773,
1617,1617,1617,1617,152130029,15,21,300,2,9,江蘇省,Jiangsu,120.263248,32.034773,
1617,1617,1617,1617,152100009,15,21,000,0,9,江蘇省,Jiangsu,120.263248,32.034773,
1618,1618,1618,1618,150100009,15,01,000,0,9,江蘇省,Jiangsu,120.808317,31.655226,
1620,1620,1620,1620,152100000,15,21,000,0,0,江蘇省,Jiangsu,120.397516,31.224485,
1620,1620,1620,1620,152130229,15,21,302,2,9,江蘇省,Jiangsu,116.897453,34.699891,
1621,1621,1621,1621,152130029,15,21,300,2,9,江蘇省,Jiangsu,119.280564,33.503341,
1623,1623,1623,1623,152130029,15,21,300,2,9,江蘇省,Jiangsu,119.280564,33.503341,
1624,1624,1624,1624,152130329,15,21,303,2,9,江蘇省,Jiangsu,119.280564,33.503341,
1624,1624,1624,1624,152130029,15,21,300,2,9,江蘇省,Jiangsu,119.280564,33.503341,
1625,1625,1625,1625,152130029,15,21,300,2,9,江蘇省,Jiangsu,119.027201,31.595081,
1625,1625,1625,1625,152100009,15,21,000,0,9,江蘇省,Jiangsu,120.808317,31.655226,
1626,1626,1626,1626,152130029,15,21,300,2,9,江蘇省,Jiangsu,120.397516,31.224485,
1626,1626,1626,1626,152130029,15,21,300,2,9,江蘇省,Jiangsu,120.397516,31.224485,
1626,1626,1626,1626,152130629,15,21,306,2,9,江蘇省,Jiangsu,120.95298,31.323023,
1626,1626,1626,1626,152130029,15,21,300,2,9,江蘇省,Jiangsu,121.127022,31.551683,
1626,1626,1626,1626,152130029,15,21,300,2,9,江蘇省,Jiangsu,120.808317,31.655226,
1626,1626,1626,1626,152130029,15,21,300,2,9,江蘇省,Jiangsu,120.29982,31.833936,
1626,1626,1626,1626,152130029,15,21,300,2,9,江蘇省,Jiangsu,119.920709,31.748661,
1626,1626,1626,1626,152130029,15,21,300,2,9,江蘇省,Jiangsu,119.903954,32.513149,
1626,1626,1626,1626,152130029,15,21,300,2,9,江蘇省,Jiangsu,120.263248,32.034773,
1626,1626,1626,1626,152130029,15,21,300,2,9,江蘇省,Jiangsu,120.263248,32.034773,
1626,1626,1626,1626,152130129,15,21,301,2,9,江蘇省,Jiangsu,119.280564,33.503341,
1626,1626,1626,1626,152130029,15,21,300,2,9,江蘇省,Jiangsu,119.311997,33.880774,
1626,1626,1626,1626,152130029,15,21,300,2,9,江蘇省,Jiangsu,120.553937,32.784224,
1627,1627,1627,1627,152130629,15,21,306,2,9,江蘇省,Jiangsu,120.603069,31.309043,
1627,1627,1627,1627,152130629,15,21,306,2,9,江蘇省,Jiangsu,120.397516,31.224485,
1627,1627,1627,1627,152130029,15,21,300,2,9,江蘇省,Jiangsu,120.335992,31.567522,
1627,1627,1627,1627,152100009,15,21,000,0,9,江蘇省,Jiangsu,120.29982,31.833936,
1627,1627,1627,1627,152100009,15,21,000,0,9,江蘇省,Jiangsu,120.263248,32.034773,
1627,1627,1627,1627,152130022,15,21,300,2,2,江蘇省,Jiangsu,120.263248,32.034773,
1628,1628,1628,1628,152130022,15,21,300,2,2,江蘇省,Jiangsu,120.397516,31.224485,
1628,1628,1628,1628,152130029,15,21,300,2,9,江蘇省,Jiangsu,120.092824,32.219519,
1628,1628,1628,1628,152130029,15,21,300,2,9,江蘇省,Jiangsu,121.006976,32.078142,
1629,1629,1629,1629,152130029,15,21,300,2,9,江蘇省,Jiangsu,119.027201,31.595081,
1630,1630,1630,1630,150100009,15,01,000,0,9,江蘇省,Jiangsu,120.603069,31.309043,
1630,1630,1630,1630,152100009,15,21,000,0,9,江蘇省,Jiangsu,120.625761,31.01201,
1630,1630,1630,1630,150100009,15,01,000,0,9,江蘇省,Jiangsu,117.205594,34.271614,
1630,1630,1630,1630,152130429,15,21,304,2,9,江蘇省,Jiangsu,116.897453,34.699891,
1631,1631,1631,1632,150100009,15,01,000,0,9,江蘇省,Jiangsu,121.127022,31.551683,
1631,1631,1631,1631,152130029,15,21,300,2,9,江蘇省,Jiangsu,118.312504,33.963181,
1632,1632,1632,1632,152130029,15,21,300,2,9,江蘇省,Jiangsu,120.335992,31.567522,
1632,1632,1632,1632,152130429,15,21,304,2,9,江蘇省,Jiangsu,120.29982,31.833936,
1632,1632,1632,1632,152130029,15,21,300,2,9,江蘇省,Jiangsu,119.188204,32.388233,
1632,1632,1632,1632,152130029,15,21,300,2,9,江蘇省,Jiangsu,119.903954,32.513149,
1632,1632,1632,1632,152130029,15,21,300,2,9,江蘇省,Jiangsu,121.006976,32.078142,
1632,1632,1632,1632,152130029,15,21,300,2,9,江蘇省,Jiangsu,120.553937,32.784224,
1633,1633,1633,1633,152130429,15,21,304,2,9,江蘇省,Jiangsu,120.603069,31.309043,
1633,1633,1633,1633,152130129,15,21,301,2,9,江蘇省,Jiangsu,120.397516,31.224485,
1633,1633,1633,1633,152130629,15,21,306,2,9,江蘇省,Jiangsu,120.95298,31.323023,
1633,1633,1633,1633,152130029,15,21,300,2,9,江蘇省,Jiangsu,120.808317,31.655226,
1633,1633,1633,1633,152130429,15,21,304,2,9,江蘇省,Jiangsu,120.625761,31.01201,
1633,1633,1633,1633,152130029,15,21,300,2,9,江蘇省,Jiangsu,120.335992,31.567522,
1633,1633,1633,1633,152130029,15,21,300,2,9,江蘇省,Jiangsu,120.335992,31.567522,
1633,1633,1633,1633,152130429,15,21,304,2,9,江蘇省,Jiangsu,120.29982,31.833936,
1633,1633,1633,1633,152100009,15,21,000,0,9,江蘇省,Jiangsu,120.29982,31.833936,
1633,1633,1633,1633,152130029,15,21,300,2,9,江蘇省,Jiangsu,119.503724,31.722212,
1633,1633,1633,1633,152100009,15,21,000,0,9,江蘇省,Jiangsu,119.920709,31.748661,
1633,1633,1633,1633,152130029,15,21,300,2,9,江蘇省,Jiangsu,119.903954,32.513149,
1633,1633,1633,1633,152130429,15,21,304,2,9,江蘇省,Jiangsu,120.263248,32.034773,
1633,1633,1633,1633,152130029,15,21,300,2,9,江蘇省,Jiangsu,121.006976,32.078142,
1633,1633,1633,1633,152130029,15,21,300,2,9,江蘇省,Jiangsu,121.006976,32.078142,
1633,1633,1633,1633,152130029,15,21,300,2,9,江蘇省,Jiangsu,121.006976,32.078142,
1633,1633,1633,1633,152130029,15,21,300,2,9,江蘇省,Jiangsu,119.027584,34.888509,
1634,1634,1634,1634,152130029,15,21,300,2,9,江蘇省,Jiangsu,118.824123,32.118003,
1634,1634,1634,1634,152130029,15,21,300,2,9,江蘇省,Jiangsu,120.397516,31.224485,
1634,1634,1634,1634,152130029,15,21,300,2,9,江蘇省,Jiangsu,120.29982,31.833936,
1634,1634,1635,1635,152100009,15,21,000,0,9,江蘇省,Jiangsu,120.29982,31.833936,
1634,1634,1634,1634,152130029,15,21,300,2,9,江蘇省,Jiangsu,119.903954,32.513149,
1634,1634,1634,1634,152130029,15,21,300,2,9,江蘇省,Jiangsu,120.263248,32.034773,
1634,1634,1634,1634,152130029,15,21,300,2,9,江蘇省,Jiangsu,120.553937,32.784224,
1636,1636,1637,1637,152130029,15,21,300,2,9,江蘇省,Jiangsu,119.503724,31.722212,
1637,1637,1637,1637,151100009,15,11,000,0,9,江蘇省,Jiangsu,119.505288,32.116972,
1637,1637,1637,1637,152130029,15,21,300,2,9,江蘇省,Jiangsu,117.205594,34.271614,
1638,1638,1638,1638,152130029,15,21,300,2,9,江蘇省,Jiangsu,120.335992,31.567522,
1638,1638,1638,1638,152130022,15,21,300,2,2,江蘇省,Jiangsu,120.29982,31.833936,
1638,1638,1638,1638,152130029,15,21,300,2,9,江蘇省,Jiangsu,119.962155,31.776182,
1638,1638,1638,1638,152130029,15,21,300,2,9,江蘇省,Jiangsu,119.962155,31.776182,
1638,1638,1638,1638,152130022,15,21,300,2,2,江蘇省,Jiangsu,120.263248,32.034773,
1640,1640,1640,1640,152130029,15,21,300,2,9,江蘇省,Jiangsu,118.824123,32.118003,
1640,1640,1640,1640,152130420,15,21,304,2,0,江蘇省,Jiangsu,120.397516,31.224485,
1640,1640,1640,1640,152130029,15,21,300,2,9,江蘇省,Jiangsu,121.127022,31.551683,
1640,1640,1640,1640,152100000,15,21,000,0,0,江蘇省,Jiangsu,120.29982,31.833936,
1640,1640,1640,1640,152100000,15,21,000,0,0,江蘇省,Jiangsu,120.263248,32.034773,
1640,1640,1640,1640,152130029,15,21,300,2,9,江蘇省,Jiangsu,119.280564,33.503341,
1640,1640,1640,1640,152130629,15,21,306,2,9,江蘇省,Jiangsu,116.603152,34.690638,
1641,1641,1641,1641,152130022,15,21,300,2,2,江蘇省,Jiangsu,120.603069,31.309043,
1641,1641,1641,1641,152130059,15,21,300,5,9,江蘇省,Jiangsu,120.397516,31.224485,
1641,1641,1641,1641,152130029,15,21,300,2,9,江蘇省,Jiangsu,120.808317,31.655226,
1641,1641,1641,1641,152130029,15,21,300,2,9,江蘇省,Jiangsu,120.808317,31.655226,
1641,1641,1641,1641,152132129,15,21,321,2,9,江蘇省,Jiangsu,119.311997,33.880774,
1641,1641,1641,1641,152130129,15,21,301,2,9,江蘇省,Jiangsu,118.524543,32.96793,
1642,1642,1642,1642,150100009,15,01,000,0,9,江蘇省,Jiangsu,120.397516,31.224485,
1642,1642,1642,1642,152130029,15,21,300,2,9,江蘇省,Jiangsu,120.397516,31.224485,
1642,1642,1642,1642,150100009,15,01,000,0,9,江蘇省,Jiangsu,120.397516,31.224485,
1642,1642,1642,1642,152100209,15,21,002,0,9,江蘇省,Jiangsu,119.280564,33.503341,
1643,1643,1643,1643,152130029,15,21,300,2,9,江蘇省,Jiangsu,119.445274,32.406239,
1644,1644,1644,1644,152130029,15,21,300,2,9,江蘇省,Jiangsu,118.961703,31.332019,
1644,1644,1644,1644,153200009,15,32,000,0,9,江蘇省,Jiangsu,119.920709,31.748661,
1644,1644,1644,1644,152130029,15,21,300,2,9,江蘇省,Jiangsu,119.280564,33.503341,
1644,1644,1644,1644,152100009,15,21,000,0,9,江蘇省,Jiangsu,119.280564,33.503341,
1644,1644,1644,1644,152130029,15,21,300,2,9,江蘇省,Jiangsu,119.311997,33.880774,
1645,1645,1645,1645,152130022,15,21,300,2,2,江蘇省,Jiangsu,118.824123,32.118003,
1645,1645,1645,1645,152130029,15,21,300,2,9,江蘇省,Jiangsu,118.961703,31.332019,
1645,1645,1645,1645,152130529,15,21,305,2,9,江蘇省,Jiangsu,120.625761,31.01201,
1645,1645,1645,1645,152100009,15,21,000,0,9,江蘇省,Jiangsu,119.311997,33.880774,
1645,1645,1645,1645,152130029,15,21,300,2,9,江蘇省,Jiangsu,116.897453,34.699891,
1647,1647,1647,1647,152100009,15,21,000,0,9,江蘇省,Jiangsu,121.127022,31.551683,
1648,1648,1648,1648,152130529,15,21,305,2,9,江蘇省,Jiangsu,120.263248,32.034773,
1649,1649,1649,1649,152130629,15,21,306,2,9,江蘇省,Jiangsu,117.205594,34.271614,
1650,1650,1650,1650,152130029,15,21,300,2,9,江蘇省,Jiangsu,119.027201,31.595081,
1650,1650,1650,1650,152100009,15,21,000,0,9,江蘇省,Jiangsu,120.553937,32.784224,
1651,1651,1651,1651,150100009,15,01,000,0,9,江蘇省,Jiangsu,119.027201,31.595081,
1652,1652,1652,1652,152130029,15,21,300,2,9,江蘇省,Jiangsu,119.188204,32.388233,
1652,1652,1652,1652,151100009,15,11,000,0,9,江蘇省,Jiangsu,119.188204,32.388233,
1653,1653,1653,1654,152130429,15,21,304,2,9,江蘇省,Jiangsu,118.921746,33.658644,
1653,1653,1653,1654,152130429,15,21,304,2,9,江蘇省,Jiangsu,118.640902,33.70502,
1654,1654,1654,1654,152130029,15,21,300,2,9,江蘇省,Jiangsu,120.29982,31.833936,
1654,1654,1654,1654,150100009,15,01,000,0,9,江蘇省,Jiangsu,120.092824,32.219519,
1654,1654,1654,1654,150100009,15,01,000,0,9,江蘇省,Jiangsu,121.006976,32.078142,
1654,1654,1654,1654,152130029,15,21,300,2,9,江蘇省,Jiangsu,120.553937,32.784224,
1655,1655,1655,1655,152130029,15,21,300,2,9,江蘇省,Jiangsu,121.127022,31.551683,
1657,1657,1657,1657,152130029,15,21,300,2,9,江蘇省,Jiangsu,118.845237,34.151675,
1658,1658,1658,1658,152130029,15,21,300,2,9,江蘇省,Jiangsu,121.127022,31.551683,
1658,1658,1658,1658,152100009,15,21,000,0,9,江蘇省,Jiangsu,119.920709,31.748661,
1658,1658,1658,1658,152132029,15,21,320,2,9,江蘇省,Jiangsu,119.920709,31.748661,
1658,1658,1658,1658,152100009,15,21,000,0,9,江蘇省,Jiangsu,121.006976,32.078142,
1659,1659,1659,1659,150100002,15,01,000,0,2,江蘇省,Jiangsu,119.503724,31.722212,
1659,1659,1659,1659,152130322,15,21,303,2,2,江蘇省,Jiangsu,119.503724,31.722212,
1662,1662,1662,1662,152130029,15,21,300,2,9,江蘇省,Jiangsu,119.78552,31.358953,
1662,1662,1662,1662,152130029,15,21,300,2,9,江蘇省,Jiangsu,120.263248,32.034773,
1662,1662,1662,1662,152130029,15,21,300,2,9,江蘇省,Jiangsu,120.568183,32.264155,
1663,1663,1663,1663,153200009,15,32,000,0,9,江蘇省,Jiangsu,121.127022,31.551683,
1664,1664,1664,1664,150130029,15,01,300,2,9,江蘇省,Jiangsu,118.824123,32.118003,
1664,1664,1664,1664,152130029,15,21,300,2,9,江蘇省,Jiangsu,120.397516,31.224485,
1664,1664,1664,1664,152130029,15,21,300,2,9,江蘇省,Jiangsu,121.127022,31.551683,
1664,1664,1664,1664,152130229,15,21,302,2,9,江蘇省,Jiangsu,118.921746,33.658644,
1664,1664,1664,1664,150100009,15,01,000,0,9,江蘇省,Jiangsu,120.054135,33.30777,
1664,1664,1664,1664,152130329,15,21,303,2,9,江蘇省,Jiangsu,120.054135,33.30777,
1665,1665,1665,1665,150100009,15,01,000,0,9,江蘇省,Jiangsu,120.054135,33.30777,
1665,1665,1665,1665,152130329,15,21,303,2,9,江蘇省,Jiangsu,120.054135,33.30777,
1724,1724,1724,1724,150100009,15,01,000,0,9,江蘇省,Jiangsu,120.054135,33.30777,
1724,1724,1724,1724,152130329,15,21,303,2,9,江蘇省,Jiangsu,120.054135,33.30777,
1664,1664,1664,1664,152130029,15,21,300,2,9,江蘇省,Jiangsu,119.027584,34.888509,
1665,1665,1665,1665,152130029,15,21,300,2,9,江蘇省,Jiangsu,121.127022,31.551683,
1665,1665,1665,1665,152130021,15,21,300,2,1,江蘇省,Jiangsu,120.29982,31.833936,
1665,1665,1665,1665,152100029,15,21,000,2,9,江蘇省,Jiangsu,119.920709,31.748661,
1665,1665,1665,1665,152130029,15,21,300,2,9,江蘇省,Jiangsu,119.920709,31.748661,
1665,1665,1665,1665,150130029,15,01,300,2,9,江蘇省,Jiangsu,119.490634,32.831306,
1665,1665,1665,1665,152130029,15,21,300,2,9,江蘇省,Jiangsu,119.981765,32.956244,
1665,1665,1665,1665,152130022,15,21,300,2,2,江蘇省,Jiangsu,120.263248,32.034773,
1665,1665,1665,1665,152130029,15,21,300,2,9,江蘇省,Jiangsu,120.568183,32.264155,
1665,1665,1665,1665,152132029,15,21,320,2,9,江蘇省,Jiangsu,119.311997,33.880774,
1665,1665,1665,1665,152130029,15,21,300,2,9,江蘇省,Jiangsu,118.845237,34.151675,
1665,1665,1665,1665,152130029,15,21,300,2,9,江蘇省,Jiangsu,118.312504,33.963181,
1665,1665,1665,1665,152130029,15,21,300,2,9,江蘇省,Jiangsu,120.054135,33.30777,
1665,1665,1665,1665,150130029,15,01,300,2,9,江蘇省,Jiangsu,120.553937,32.784224,
1665,1665,1665,1665,150130029,15,01,300,2,9,江蘇省,Jiangsu,117.889775,34.399354,
1665,1665,1665,1665,150130029,15,01,300,2,9,江蘇省,Jiangsu,117.876958,33.944061,
1665,1665,1665,1665,152130029,15,21,300,2,9,江蘇省,Jiangsu,119.328894,34.618599,
1668,1668,1668,1668,151100009,15,11,000,0,9,江蘇省,Jiangsu,120.397516,31.224485,
1668,1668,1668,1668,152130092,15,21,300,9,2,江蘇省,Jiangsu,120.397516,31.224485,
1668,1668,1668,1668,152130029,15,21,300,2,9,江蘇省,Jiangsu,120.95298,31.323023,
1668,1668,1668,1668,151100009,15,11,000,0,9,江蘇省,Jiangsu,120.95298,31.323023,
1668,1668,1668,1668,152100002,15,21,000,0,2,江蘇省,Jiangsu,119.490634,32.831306,
1668,1668,1668,1668,152130322,15,21,303,2,2,江蘇省,Jiangsu,119.442397,33.221142,
1668,1668,1668,1668,152100009,15,21,000,0,9,江蘇省,Jiangsu,118.921746,33.658644,
1668,1668,1668,1668,150100002,15,01,000,0,2,江蘇省,Jiangsu,118.845237,34.151675,
1668,1668,1668,1668,150100002,15,01,000,0,2,江蘇省,Jiangsu,119.328894,34.618599,
1668,1668,1668,1668,152100019,15,21,000,1,9,江蘇省,Jiangsu,119.027584,34.888509,
1669,1669,1669,1669,152130420,15,21,304,2,0,江蘇省,Jiangsu,117.876958,33.944061,
1670,1670,1670,1670,152130029,15,21,300,2,9,江蘇省,Jiangsu,120.603069,31.309043,
1670,1670,1670,1670,152130029,15,21,300,2,9,江蘇省,Jiangsu,120.397516,31.224485,
1670,1670,1670,1670,152130029,15,21,300,2,9,江蘇省,Jiangsu,120.95298,31.323023,
1670,1670,1670,1670,152130029,15,21,300,2,9,江蘇省,Jiangsu,121.127022,31.551683,
1670,1670,1670,1670,152130029,15,21,300,2,9,江蘇省,Jiangsu,120.625761,31.01201,
1670,1670,1670,1670,150130029,15,01,300,2,9,江蘇省,Jiangsu,120.625761,31.01201,
1670,1670,1670,1670,152130229,15,21,302,2,9,江蘇省,Jiangsu,119.445274,32.406239,
1670,1670,1670,1670,152100009,15,21,000,0,9,江蘇省,Jiangsu,119.445274,32.406239,
1678,1678,1678,1678,152100009,15,21,000,0,9,江蘇省,Jiangsu,119.445274,32.406239,
1670,1670,1670,1670,152130029,15,21,300,2,9,江蘇省,Jiangsu,118.921746,33.658644,
1670,1670,1670,1670,152130029,15,21,300,2,9,江蘇省,Jiangsu,119.311997,33.880774,
1671,1671,1671,1671,151100009,15,11,000,0,9,江蘇省,Jiangsu,119.505288,32.116972,
1671,1671,1671,1671,151100009,15,11,000,0,9,江蘇省,Jiangsu,119.503724,31.722212,
1672,1672,1672,1672,152130629,15,21,306,2,9,江蘇省,Jiangsu,118.921746,33.658644,
1674,1674,1674,1674,152100000,15,21,000,0,0,江蘇省,Jiangsu,118.921746,33.658644,
1675,1675,1675,1675,152130022,15,21,300,2,2,江蘇省,Jiangsu,119.445274,32.406239,
1675,1675,1675,1675,152130029,15,21,300,2,9,江蘇省,Jiangsu,118.921746,33.658644,
1676,1676,1676,1676,152130029,15,21,300,2,9,江蘇省,Jiangsu,119.981765,32.956244,
1679,1679,1679,1679,152130029,15,21,300,2,9,江蘇省,Jiangsu,120.397516,31.224485,
1680,1680,1680,1680,152130021,15,21,300,2,1,江蘇省,Jiangsu,120.95298,31.323023,
1680,1680,1680,1680,152130029,15,21,300,2,9,江蘇省,Jiangsu,116.603152,34.690638,
1683,1683,1684,1684,152130029,15,21,300,2,9,江蘇省,Jiangsu,118.312504,33.963181,
1684,1684,1684,1684,152130020,15,21,300,2,0,江蘇省,Jiangsu,118.921746,33.658644,
1684,1684,1684,1684,152100009,15,21,000,0,9,江蘇省,Jiangsu,118.921746,33.658644,
1685,1685,1685,1685,152130029,15,21,300,2,9,江蘇省,Jiangsu,119.490634,32.831306,
1685,1685,1685,1685,152130029,15,21,300,2,9,江蘇省,Jiangsu,119.490634,32.831306,
1685,1685,1685,1685,152130022,15,21,300,2,2,江蘇省,Jiangsu,116.603152,34.690638,
1686,1686,1686,1686,151200009,15,12,000,0,9,江蘇省,Jiangsu,118.824406,31.861769,
1687,1687,1687,1687,152130029,15,21,300,2,9,江蘇省,Jiangsu,120.397516,31.224485,
1687,1687,1687,1687,152130029,15,21,300,2,9,江蘇省,Jiangsu,120.397516,31.224485,
1687,1687,1687,1687,152130029,15,21,300,2,9,江蘇省,Jiangsu,120.397516,31.224485,
1687,1687,1687,1687,152130029,15,21,300,2,9,江蘇省,Jiangsu,120.95298,31.323023,
1687,1687,1687,1687,152130029,15,21,300,2,9,江蘇省,Jiangsu,120.808317,31.655226,
1687,1687,1687,1687,152130029,15,21,300,2,9,江蘇省,Jiangsu,120.29982,31.833936,
1687,1687,1687,1687,152130429,15,21,304,2,9,江蘇省,Jiangsu,119.962155,31.776182,
1687,1687,1687,1687,152130429,15,21,304,2,9,江蘇省,Jiangsu,119.962155,31.776182,
1689,1689,1689,1689,152100009,15,21,000,0,9,江蘇省,Jiangsu,120.397516,31.224485,
1691,1691,1691,1691,152130629,15,21,306,2,9,江蘇省,Jiangsu,118.524543,32.96793,
1691,1691,1691,1691,152130029,15,21,300,2,9,江蘇省,Jiangsu,118.523523,32.032504,
1691,1691,1691,1691,152130029,15,21,300,2,9,江蘇省,Jiangsu,120.29982,31.833936,
1691,1691,1691,1691,152130029,15,21,300,2,9,江蘇省,Jiangsu,119.188204,32.388233,
1691,1691,1691,1691,152130029,15,21,300,2,9,江蘇省,Jiangsu,119.188204,32.388233,
1691,1691,1691,1691,152130220,15,21,302,2,0,江蘇省,Jiangsu,119.280564,33.503341,
1691,1691,1691,1691,151100009,15,11,000,0,9,江蘇省,Jiangsu,119.280564,33.503341,
1691,1691,1691,1691,152130029,15,21,300,2,9,江蘇省,Jiangsu,120.054135,33.30777,
1692,1692,1692,1692,152130029,15,21,300,2,9,江蘇省,Jiangsu,116.897453,34.699891,
1692,1692,1692,1692,152130029,15,21,300,2,9,江蘇省,Jiangsu,116.897453,34.699891,
1693,1693,1693,1693,150130029,15,01,300,2,9,江蘇省,Jiangsu,121.127022,31.551683,
1693,1693,1693,1693,152130029,15,21,300,2,9,江蘇省,Jiangsu,116.897453,34.699891,
1696,1696,1696,1696,152130129,15,21,301,2,9,江蘇省,Jiangsu,120.397516,31.224485,
1696,1696,1696,1696,152130029,15,21,300,2,9,江蘇省,Jiangsu,121.127022,31.551683,
1696,1696,1696,1696,152100009,15,21,000,0,9,江蘇省,Jiangsu,121.127022,31.551683,
1696,1696,1696,1696,152132129,15,21,321,2,9,江蘇省,Jiangsu,120.625761,31.01201,
1696,1696,1696,1696,152130129,15,21,301,2,9,江蘇省,Jiangsu,120.625761,31.01201,
1696,1696,1696,1696,152130229,15,21,302,2,9,江蘇省,Jiangsu,120.335992,31.567522,
1696,1696,1696,1696,150100009,15,01,000,0,9,江蘇省,Jiangsu,120.29982,31.833936,
1696,1696,1696,1696,152130029,15,21,300,2,9,江蘇省,Jiangsu,120.29982,31.833936,
1696,1696,1696,1696,150100009,15,01,000,0,9,江蘇省,Jiangsu,119.490634,32.831306,
1696,1696,1696,1696,150130029,15,01,300,2,9,江蘇省,Jiangsu,119.280564,33.503341,
1696,1696,1696,1696,152130029,15,21,300,2,9,江蘇省,Jiangsu,118.524543,32.96793,
1696,1696,1696,1696,152130029,15,21,300,2,9,江蘇省,Jiangsu,116.603152,34.690638,
1696,1696,1696,1696,152130029,15,21,300,2,9,江蘇省,Jiangsu,119.328894,34.618599,
1698,1698,1698,1698,152130029,15,21,300,2,9,江蘇省,Jiangsu,120.603069,31.309043,
1698,1698,1698,1698,152130029,15,21,300,2,9,江蘇省,Jiangsu,120.95298,31.323023,
1698,1698,1698,1698,152130029,15,21,300,2,9,江蘇省,Jiangsu,121.127022,31.551683,
1698,1698,1698,1698,152130029,15,21,300,2,9,江蘇省,Jiangsu,120.808317,31.655226,
1700,1700,1700,1700,152130029,15,21,300,2,9,江蘇省,Jiangsu,119.280564,33.503341,
1701,1701,1701,1701,152132129,15,21,321,2,9,江蘇省,Jiangsu,118.921746,33.658644,
1703,1703,1703,1703,152130424,15,21,304,2,4,江蘇省,Jiangsu,118.312504,33.963181,
1703,1703,1703,1703,152130029,15,21,300,2,9,江蘇省,Jiangsu,116.603152,34.690638,
1708,1708,1708,1708,152130029,15,21,300,2,9,江蘇省,Jiangsu,120.95298,31.323023,
1708,1708,1708,1708,152130029,15,21,300,2,9,江蘇省,Jiangsu,120.625761,31.01201,
1708,1708,1708,1708,152130029,15,21,300,2,9,江蘇省,Jiangsu,120.625761,31.01201,
1708,1708,1708,1708,152100002,15,21,000,0,2,江蘇省,Jiangsu,119.490634,32.831306,
1710,1710,1710,1710,150130029,15,01,300,2,9,江蘇省,Jiangsu,121.127022,31.551683,
1712,1712,1712,1712,152100009,15,21,000,0,9,江蘇省,Jiangsu,118.824123,32.118003,
1712,1712,1712,1712,152130029,15,21,300,2,9,江蘇省,Jiangsu,120.625761,31.01201,
1714,1714,1714,1714,152130029,15,21,300,2,9,江蘇省,Jiangsu,118.921746,33.658644,
1715,1715,1715,1715,152130029,15,21,300,2,9,江蘇省,Jiangsu,120.625761,31.01201,
1715,1715,1715,1715,152130020,15,21,300,2,0,江蘇省,Jiangsu,120.625761,31.01201,
1716,1716,1716,1716,152100009,15,21,000,0,9,江蘇省,Jiangsu,120.625761,31.01201,
1716,1716,1716,1716,152130029,15,21,300,2,9,江蘇省,Jiangsu,119.188204,32.388233,
1717,1717,1717,1717,152130029,15,21,300,2,9,江蘇省,Jiangsu,119.490634,32.831306,
1718,1718,1718,1718,152130021,15,21,300,2,1,江蘇省,Jiangsu,119.490634,32.831306,
1723,1723,1723,1723,152130029,15,21,300,2,9,江蘇省,Jiangsu,119.188204,32.388233,
1723,1723,1723,1723,152130229,15,21,302,2,9,江蘇省,Jiangsu,119.188204,32.388233,
1723,1723,1723,1723,152130229,15,21,302,2,9,江蘇省,Jiangsu,119.188204,32.388233,
1723,1723,1723,1723,152130029,15,21,300,2,9,江蘇省,Jiangsu,121.006976,32.078142,
1724,1724,1724,1724,150100099,15,01,000,9,9,江蘇省,Jiangsu,121.127022,31.551683,
1724,1724,1724,1724,150100009,15,01,000,0,9,江蘇省,Jiangsu,120.808317,31.655226,
1724,1724,1724,1724,152130029,15,21,300,2,9,江蘇省,Jiangsu,120.625761,31.01201,
1724,1724,1724,1724,152130029,15,21,300,2,9,江蘇省,Jiangsu,120.625761,31.01201,
1724,1724,1724,1724,150100009,15,01,000,0,9,江蘇省,Jiangsu,120.29982,31.833936,
1724,1724,1724,1724,152130029,15,21,300,2,9,江蘇省,Jiangsu,121.006976,32.078142,
1724,1724,1724,1724,152130029,15,21,300,2,9,江蘇省,Jiangsu,120.568183,32.264155,
1724,1724,1724,1724,152130029,15,21,300,2,9,江蘇省,Jiangsu,119.280564,33.503341,
1724,1724,1724,1724,152130029,15,21,300,2,9,江蘇省,Jiangsu,118.921746,33.658644,
1724,1724,1724,1724,150130029,15,01,300,2,9,江蘇省,Jiangsu,120.054135,33.30777,
1724,1724,1724,1724,152100029,15,21,000,2,9,江蘇省,Jiangsu,120.553937,32.784224,
1726,1726,1726,1726,152130029,15,21,300,2,9,江蘇省,Jiangsu,118.961703,31.332019,
1727,1727,1727,1727,152100009,15,21,000,0,9,江蘇省,Jiangsu,119.311997,33.880774,
1729,1729,1729,1729,151100009,15,11,000,0,9,江蘇省,Jiangsu,118.837253,32.406633,
1730,1730,1730,1730,152130029,15,21,300,2,9,江蘇省,Jiangsu,120.061609,32.508067,
1730,1730,1730,1730,152100009,15,21,000,0,9,江蘇省,Jiangsu,119.280564,33.503341,
1730,1730,1730,1730,152100002,15,21,000,0,2,江蘇省,Jiangsu,118.640902,33.70502,
1730,1730,1730,1730,152130022,15,21,300,2,2,江蘇省,Jiangsu,120.553937,32.784224,
1731,1731,1731,1731,152130029,15,21,300,2,9,江蘇省,Jiangsu,120.335992,31.567522,
1731,1731,1731,1731,152130029,15,21,300,2,9,江蘇省,Jiangsu,118.524543,32.96793,
1732,1732,1732,1732,152130029,15,21,300,2,9,江蘇省,Jiangsu,120.603069,31.309043,
1732,1732,1732,1732,152130029,15,21,300,2,9,江蘇省,Jiangsu,120.95298,31.323023,
1732,1732,1732,1732,150100009,15,01,000,0,9,江蘇省,Jiangsu,121.127022,31.551683,
1732,1732,1732,1732,152130029,15,21,300,2,9,江蘇省,Jiangsu,121.127022,31.551683,
1732,1732,1732,1732,150100009,15,01,000,0,9,江蘇省,Jiangsu,120.808317,31.655226,
1732,1732,1732,1732,152100009,15,21,000,0,9,江蘇省,Jiangsu,120.808317,31.655226,
1732,1732,1732,1732,152130029,15,21,300,2,9,江蘇省,Jiangsu,120.625761,31.01201,
1732,1732,1732,1732,152130029,15,21,300,2,9,江蘇省,Jiangsu,120.625761,31.01201,
1732,1733,1732,1733,152130029,15,21,300,2,9,江蘇省,Jiangsu,120.335992,31.567522,
1732,1733,1732,1733,152100009,15,21,000,0,9,江蘇省,Jiangsu,120.335992,31.567522,
1732,1732,1732,1732,150130029,15,01,300,2,9,江蘇省,Jiangsu,120.29982,31.833936,
1732,1732,1732,1732,152100002,15,21,000,0,2,江蘇省,Jiangsu,119.981765,32.956244,
1732,1732,1732,1732,152130022,15,21,300,2,2,江蘇省,Jiangsu,120.061609,32.508067,
1732,1732,1732,1732,152100009,15,21,000,0,9,江蘇省,Jiangsu,120.263248,32.034773,
1732,1732,1732,1732,152130029,15,21,300,2,9,江蘇省,Jiangsu,121.006976,32.078142,
1732,1732,1732,1732,152130029,15,21,300,2,9,江蘇省,Jiangsu,120.568183,32.264155,
1732,1732,1732,1732,152130022,15,21,300,2,2,江蘇省,Jiangsu,119.69293,33.708995,
1732,1732,1732,1732,152130022,15,21,300,2,2,江蘇省,Jiangsu,120.553937,32.784224,
1733,1733,1733,1733,152100009,15,21,000,0,9,江蘇省,Jiangsu,120.95298,31.323023,
1734,1734,1734,1734,152130029,15,21,300,2,9,江蘇省,Jiangsu,120.335992,31.567522,
1734,1734,1734,1734,152100009,15,21,000,0,9,江蘇省,Jiangsu,120.29982,31.833936,
1734,1734,1734,1734,152130029,15,21,300,2,9,江蘇省,Jiangsu,120.061609,32.508067,
1734,1734,1734,1734,152100009,15,21,000,0,9,江蘇省,Jiangsu,120.568183,32.264155,
1734,1734,1734,1734,152130029,15,21,300,2,9,江蘇省,Jiangsu,120.568183,32.264155,
1734,1734,1734,1734,152130029,15,21,300,2,9,江蘇省,Jiangsu,118.921746,33.658644,
1734,1734,1734,1734,152130029,15,21,300,2,9,江蘇省,Jiangsu,120.553937,32.784224,
1735,1735,1735,1735,152130022,15,21,300,2,2,江蘇省,Jiangsu,118.961703,31.332019,
1735,1735,1735,1735,152130029,15,21,300,2,9,江蘇省,Jiangsu,120.335992,31.567522,
1735,1735,1735,1735,152130029,15,21,300,2,9,江蘇省,Jiangsu,118.921746,33.658644,
1736,1736,1736,1736,152130029,15,21,300,2,9,江蘇省,Jiangsu,120.092824,32.219519,
1736,1736,1736,1736,152130029,15,21,300,2,9,江蘇省,Jiangsu,121.006976,32.078142,
1736,1736,1736,1736,152130029,15,21,300,2,9,江蘇省,Jiangsu,120.568183,32.264155,
1737,1737,1737,1737,152130029,15,21,300,2,9,江蘇省,Jiangsu,119.920709,31.748661,
1737,1737,1737,1737,152130029,15,21,300,2,9,江蘇省,Jiangsu,120.568183,32.264155,
1738,1738,1738,1738,152130029,15,21,300,2,9,江蘇省,Jiangsu,121.127022,31.551683,
1738,1738,1738,1738,152130229,15,21,302,2,9,江蘇省,Jiangsu,120.625761,31.01201,
1740,1740,1740,1740,152130029,15,21,300,2,9,江蘇省,Jiangsu,119.445274,32.406239,
1740,1740,1740,1740,152130029,15,21,300,2,9,江蘇省,Jiangsu,119.490634,32.831306,
1740,1740,1740,1740,152130129,15,21,301,2,9,江蘇省,Jiangsu,121.006976,32.078142,
1740,1740,1740,1740,152130129,15,21,301,2,9,江蘇省,Jiangsu,120.568183,32.264155,
1740,1740,1740,1740,152130029,15,21,300,2,9,江蘇省,Jiangsu,119.280564,33.503341,
1741,1741,1741,1741,152130029,15,21,300,2,9,江蘇省,Jiangsu,118.961703,31.332019,
1741,1741,1741,1741,151100009,15,11,000,0,9,江蘇省,Jiangsu,120.95298,31.323023,
1741,1741,1741,1741,151100009,15,11,000,0,9,江蘇省,Jiangsu,120.95298,31.323023,
1741,1741,1741,1741,152130029,15,21,300,2,9,江蘇省,Jiangsu,121.127022,31.551683,
1741,1741,1741,1741,150100009,15,01,000,0,9,江蘇省,Jiangsu,120.29982,31.833936,
1741,1741,1741,1741,152130029,15,21,300,2,9,江蘇省,Jiangsu,119.188204,32.388233,
1741,1741,1741,1741,152130029,15,21,300,2,9,江蘇省,Jiangsu,120.568183,32.264155,
1742,1742,1742,1742,152130029,15,21,300,2,9,江蘇省,Jiangsu,118.961703,31.332019,
1743,1743,1743,1743,152130229,15,21,302,2,9,江蘇省,Jiangsu,120.568183,32.264155,
1743,1743,1743,1743,152130229,15,21,302,2,9,江蘇省,Jiangsu,120.553937,32.784224,
1744,1744,1744,1744,152130420,15,21,304,2,0,江蘇省,Jiangsu,119.19589,31.928152,
1745,1745,1745,1745,152130029,15,21,300,2,9,江蘇省,Jiangsu,118.824123,32.118003,
1745,1745,1745,1745,152100009,15,21,000,0,9,江蘇省,Jiangsu,118.824123,32.118003,
1746,1746,1746,1746,152130029,15,21,300,2,9,江蘇省,Jiangsu,119.445274,32.406239,
1746,1746,1746,1746,152130029,15,21,300,2,9,江蘇省,Jiangsu,119.490634,32.831306,
1747,1747,1747,1747,150100009,15,01,000,0,9,江蘇省,Jiangsu,118.824123,32.118003,
1747,1747,1747,1747,150100009,15,01,000,0,9,江蘇省,Jiangsu,120.397516,31.224485,
1747,1747,1747,1747,152130029,15,21,300,2,9,江蘇省,Jiangsu,120.95298,31.323023,
1747,1747,1747,1747,152130029,15,21,300,2,9,江蘇省,Jiangsu,120.95298,31.323023,
1747,1747,1747,1747,150130029,15,01,300,2,9,江蘇省,Jiangsu,120.95298,31.323023,
1747,1747,1747,1747,150100009,15,01,000,0,9,江蘇省,Jiangsu,120.808317,31.655226,
1747,1747,1747,1747,152100009,15,21,000,0,9,江蘇省,Jiangsu,119.981765,32.956244,
1747,1747,1747,1747,152130029,15,21,300,2,9,江蘇省,Jiangsu,120.061609,32.508067,
1747,1747,1747,1747,152130029,15,21,300,2,9,江蘇省,Jiangsu,121.006976,32.078142,
1747,1747,1747,1747,152130029,15,21,300,2,9,江蘇省,Jiangsu,120.568183,32.264155,
1747,1747,1747,1747,152130029,15,21,300,2,9,江蘇省,Jiangsu,119.280564,33.503341,
1747,1747,1747,1747,152130029,15,21,300,2,9,江蘇省,Jiangsu,119.280564,33.503341,
1747,1747,1747,1747,152130029,15,21,300,2,9,江蘇省,Jiangsu,118.921746,33.658644,
1747,1747,1747,1747,152130029,15,21,300,2,9,江蘇省,Jiangsu,119.69293,33.708995,
1747,1747,1747,1747,152130029,15,21,300,2,9,江蘇省,Jiangsu,120.553937,32.784224,
1748,1748,1748,1748,152130229,15,21,302,2,9,江蘇省,Jiangsu,119.188204,32.388233,
1748,1748,1748,1748,152130229,15,21,302,2,9,江蘇省,Jiangsu,120.061609,32.508067,
1748,1748,1748,1748,152130229,15,21,302,2,9,江蘇省,Jiangsu,121.006976,32.078142,
1748,1748,1748,1748,152130229,15,21,302,2,9,江蘇省,Jiangsu,120.568183,32.264155,
1748,1748,1748,1748,152130029,15,21,300,2,9,江蘇省,Jiangsu,118.921746,33.658644,
1748,1748,1748,1748,152130229,15,21,302,2,9,江蘇省,Jiangsu,120.553937,32.784224,
1749,1749,1749,1749,152130029,15,21,300,2,9,江蘇省,Jiangsu,118.961703,31.332019,
1749,1749,1749,1749,152130029,15,21,300,2,9,江蘇省,Jiangsu,120.568183,32.264155,
1751,1751,1751,1751,152130829,15,21,308,2,9,江蘇省,Jiangsu,121.006976,32.078142,
1753,1753,1753,1753,152130229,15,21,302,2,9,江蘇省,Jiangsu,119.445274,32.406239,
1753,1753,1753,1753,152130229,15,21,302,2,9,江蘇省,Jiangsu,119.490634,32.831306,
1754,1754,1754,1754,152130029,15,21,300,2,9,江蘇省,Jiangsu,120.061609,32.508067,
1754,1754,1754,1754,152130029,15,21,300,2,9,江蘇省,Jiangsu,120.568183,32.264155,
1754,1754,1754,1754,152130029,15,21,300,2,9,江蘇省,Jiangsu,120.553937,32.784224,
1755,1755,1755,1755,152130129,15,21,301,2,9,江蘇省,Jiangsu,120.397516,31.224485,
1755,1755,1755,1755,152130129,15,21,301,2,9,江蘇省,Jiangsu,120.625761,31.01201,
1755,1755,1755,1755,152130029,15,21,300,2,9,江蘇省,Jiangsu,120.061609,32.508067,
1755,1755,1755,1755,152130229,15,21,302,2,9,江蘇省,Jiangsu,119.69293,33.708995,
1755,1755,1755,1755,152100002,15,21,000,0,2,江蘇省,Jiangsu,120.553937,32.784224,
1755,1755,1755,1755,152130029,15,21,300,2,9,江蘇省,Jiangsu,119.027584,34.888509,
1756,1756,1756,1756,152130029,15,21,300,2,9,江蘇省,Jiangsu,120.335992,31.567522,
1757,1757,1757,1757,151100009,15,11,000,0,9,江蘇省,Jiangsu,119.280564,33.503341,
1757,1757,1757,1757,152130029,15,21,300,2,9,江蘇省,Jiangsu,119.69293,33.708995,
1759,1759,1759,1759,152100009,15,21,000,0,9,江蘇省,Jiangsu,118.824123,32.118003,
1759,1759,1759,1759,152100009,15,21,000,0,9,江蘇省,Jiangsu,118.824123,32.118003,
1759,1759,1759,1759,152100009,15,21,000,0,9,江蘇省,Jiangsu,120.397516,31.224485,
1759,1759,1759,1759,152100009,15,21,000,0,9,江蘇省,Jiangsu,119.981765,32.956244,
1759,1759,1759,1759,152130029,15,21,300,2,9,江蘇省,Jiangsu,120.061609,32.508067,
1759,1759,1759,1759,152130022,15,21,300,2,2,江蘇省,Jiangsu,119.69293,33.708995,
1759,1759,1759,1759,152130022,15,21,300,2,2,江蘇省,Jiangsu,120.553937,32.784224,
1759,1759,1759,1759,152130029,15,21,300,2,9,江蘇省,Jiangsu,120.553937,32.784224,
1761,1761,1761,1761,152130229,15,21,302,2,9,江蘇省,Jiangsu,119.689557,32.536571,
1761,1761,1761,1761,152130029,15,21,300,2,9,江蘇省,Jiangsu,119.490634,32.831306,
1761,1761,1761,1761,152130029,15,21,300,2,9,江蘇省,Jiangsu,120.061609,32.508067,
1761,1761,1761,1761,152130029,15,21,300,2,9,江蘇省,Jiangsu,120.553937,32.784224,
1762,1762,1762,1762,152130029,15,21,300,2,9,江蘇省,Jiangsu,120.603069,31.309043,
1762,1762,1762,1762,152130029,15,21,300,2,9,江蘇省,Jiangsu,120.808317,31.655226,
1762,1762,1762,1762,152130029,15,21,300,2,9,江蘇省,Jiangsu,120.625761,31.01201,
1766,1766,1766,1766,152130029,15,21,300,2,9,江蘇省,Jiangsu,120.29982,31.833936,
1766,1766,1767,1767,152100009,15,21,000,0,9,江蘇省,Jiangsu,119.445274,32.406239,
1766,1766,1767,1767,152100009,15,21,000,0,9,江蘇省,Jiangsu,119.188204,32.388233,
1767,1767,1767,1767,152100009,15,21,000,0,9,江蘇省,Jiangsu,120.397516,31.224485,
1767,1767,1767,1767,152130420,15,21,304,2,0,江蘇省,Jiangsu,120.397516,31.224485,
1767,1767,1767,1767,150100009,15,01,000,0,9,江蘇省,Jiangsu,120.95298,31.323023,
1769,1769,1769,1769,152130029,15,21,300,2,9,江蘇省,Jiangsu,120.95298,31.323023,
1769,1769,1769,1769,152130029,15,21,300,2,9,江蘇省,Jiangsu,116.897453,34.699891,
1771,1771,1771,1771,152130029,15,21,300,2,9,江蘇省,Jiangsu,121.127022,31.551683,
1771,1771,1771,1771,152130029,15,21,300,2,9,江蘇省,Jiangsu,120.29982,31.833936,
1771,1771,1771,1771,152130029,15,21,300,2,9,江蘇省,Jiangsu,120.263248,32.034773,
1772,1772,1772,1772,152130029,15,21,300,2,9,江蘇省,Jiangsu,120.061609,32.508067,
1772,1772,1772,1772,152130029,15,21,300,2,9,江蘇省,Jiangsu,120.553937,32.784224,
1774,1774,1774,1774,152130029,15,21,300,2,9,江蘇省,Jiangsu,119.188204,32.388233,
1778,1778,1778,1778,152130029,15,21,300,2,9,江蘇省,Jiangsu,118.312504,33.963181,
1781,1781,1781,1781,150130029,15,01,300,2,9,江蘇省,Jiangsu,120.603069,31.309043,
1781,1781,1781,1781,152130129,15,21,301,2,9,江蘇省,Jiangsu,120.397516,31.224485,
1781,1781,1781,1781,152100089,15,21,000,8,9,江蘇省,Jiangsu,120.397516,31.224485,
1781,1781,1781,1781,152130029,15,21,300,2,9,江蘇省,Jiangsu,120.95298,31.323023,
1781,1781,1781,1781,152130029,15,21,300,2,9,江蘇省,Jiangsu,121.127022,31.551683,
1781,1781,1781,1781,152130029,15,21,300,2,9,江蘇省,Jiangsu,121.127022,31.551683,
1781,1781,1781,1781,150130029,15,01,300,2,9,江蘇省,Jiangsu,120.808317,31.655226,
1781,1781,1781,1781,152100009,15,21,000,0,9,江蘇省,Jiangsu,120.808317,31.655226,
1781,1781,1781,1781,152100009,15,21,000,0,9,江蘇省,Jiangsu,120.808317,31.655226,
1781,1781,1781,1781,152130129,15,21,301,2,9,江蘇省,Jiangsu,120.808317,31.655226,
1781,1781,1781,1781,150130029,15,01,300,2,9,江蘇省,Jiangsu,120.625761,31.01201,
1781,1781,1781,1781,152130020,15,21,300,2,0,江蘇省,Jiangsu,120.335992,31.567522,
1781,1781,1781,1781,150100009,15,01,000,0,9,江蘇省,Jiangsu,120.29982,31.833936,
1781,1781,1781,1781,152130029,15,21,300,2,9,江蘇省,Jiangsu,120.061609,32.508067,
1781,1781,1781,1781,152130029,15,21,300,2,9,江蘇省,Jiangsu,120.092824,32.219519,
1781,1781,1781,1781,152130029,15,21,300,2,9,江蘇省,Jiangsu,120.263248,32.034773,
1781,1781,1781,1781,150130029,15,01,300,2,9,江蘇省,Jiangsu,121.006976,32.078142,
1781,1781,1781,1781,150130020,15,01,300,2,0,江蘇省,Jiangsu,121.309149,31.968423,
1781,1781,1781,1781,152130029,15,21,300,2,9,江蘇省,Jiangsu,120.568183,32.264155,
1781,1781,1781,1781,152130029,15,21,300,2,9,江蘇省,Jiangsu,120.553937,32.784224,
1783,1783,1783,1783,152130029,15,21,300,2,9,江蘇省,Jiangsu,120.397516,31.224485,
1785,1785,1785,1785,153200009,15,32,000,0,9,江蘇省,Jiangsu,117.322622,34.311265,
1785,1785,1785,1785,152100009,15,21,000,0,9,江蘇省,Jiangsu,117.322622,34.311265,
1785,1785,1785,1785,153230029,15,32,300,2,9,江蘇省,Jiangsu,117.876958,33.944061,
1785,1785,1785,1785,152130029,15,21,300,2,9,江蘇省,Jiangsu,119.027584,34.888509,
1787,1787,1787,1787,152130029,15,21,300,2,9,江蘇省,Jiangsu,121.127022,31.551683,
1788,1788,1788,1788,152130029,15,21,300,2,9,江蘇省,Jiangsu,119.188204,32.388233,
1790,1790,1790,1790,152130029,15,21,300,2,9,江蘇省,Jiangsu,119.78552,31.358953,
1790,1790,1790,1790,152130029,15,21,300,2,9,江蘇省,Jiangsu,119.188204,32.388233,
1790,1790,1790,1790,152100209,15,21,002,0,9,江蘇省,Jiangsu,119.188204,32.388233,
1791,1791,1791,1791,152130029,15,21,300,2,9,江蘇省,Jiangsu,121.127022,31.551683,
1791,1791,1791,1791,152130029,15,21,300,2,9,江蘇省,Jiangsu,121.127022,31.551683,
1793,1793,1793,1793,152100009,15,21,000,0,9,江蘇省,Jiangsu,119.69293,33.708995,
1794,1794,1794,1794,151100009,15,11,000,0,9,江蘇省,Jiangsu,120.397516,31.224485,
1794,1794,1794,1794,152132129,15,21,321,2,9,江蘇省,Jiangsu,120.397516,31.224485,
1794,1794,1794,1794,152130029,15,21,300,2,9,江蘇省,Jiangsu,120.397516,31.224485,
1794,1794,1794,1794,152130021,15,21,300,2,1,江蘇省,Jiangsu,120.95298,31.323023,
1794,1794,1794,1794,152130029,15,21,300,2,9,江蘇省,Jiangsu,121.127022,31.551683,
1794,1794,1794,1794,152130029,15,21,300,2,9,江蘇省,Jiangsu,120.808317,31.655226,
1794,1794,1794,1794,152130029,15,21,300,2,9,江蘇省,Jiangsu,120.625761,31.01201,
1794,1794,1794,1794,152130029,15,21,300,2,9,江蘇省,Jiangsu,120.29982,31.833936,
1794,1794,1794,1794,152130221,15,21,302,2,1,江蘇省,Jiangsu,119.280564,33.503341,
1796,1796,1796,1796,152130029,15,21,300,2,9,江蘇省,Jiangsu,120.397516,31.224485,
1796,1796,1796,1796,152130029,15,21,300,2,9,江蘇省,Jiangsu,120.335992,31.567522,
1797,1797,1797,1797,152130029,15,21,300,2,9,江蘇省,Jiangsu,119.78552,31.358953,
1797,1797,1797,1797,152130029,15,21,300,2,9,江蘇省,Jiangsu,121.006976,32.078142,
1797,1797,1797,1797,152130029,15,21,300,2,9,江蘇省,Jiangsu,120.568183,32.264155,
1798,1798,1798,1798,152130029,15,21,300,2,9,江蘇省,Jiangsu,121.006976,32.078142,
1798,1798,1798,1798,152130429,15,21,304,2,9,江蘇省,Jiangsu,121.006976,32.078142,
1799,1799,1799,1799,152130029,15,21,300,2,9,江蘇省,Jiangsu,119.445274,32.406239,
1799,1799,1799,1799,152130029,15,21,300,2,9,江蘇省,Jiangsu,119.981765,32.956244,
1799,1799,1799,1799,152130029,15,21,300,2,9,江蘇省,Jiangsu,120.061609,32.508067,
1799,1799,1799,1799,152130029,15,21,300,2,9,江蘇省,Jiangsu,121.006976,32.078142,
1799,1799,1799,1799,150130029,15,01,300,2,9,江蘇省,Jiangsu,121.006976,32.078142,
1799,1799,1799,1799,150100000,15,01,000,0,0,江蘇省,Jiangsu,121.309149,31.968423,
1799,1799,1799,1799,150100000,15,01,000,0,0,江蘇省,Jiangsu,121.309149,31.968423,
1799,1799,1799,1799,152130029,15,21,300,2,9,江蘇省,Jiangsu,120.054135,33.30777,
1799,1799,1799,1799,152130029,15,21,300,2,9,江蘇省,Jiangsu,120.553937,32.784224,
1801,1801,1801,1801,152130429,15,21,304,2,9,江蘇省,Jiangsu,121.006976,32.078142,
1801,1801,1801,1801,152130429,15,21,304,2,9,江蘇省,Jiangsu,121.006976,32.078142,
1804,1804,1804,1804,152130029,15,21,300,2,9,江蘇省,Jiangsu,120.553937,32.784224,
1805,1805,1805,1805,152130229,15,21,302,2,9,江蘇省,Jiangsu,119.490634,32.831306,
1805,1805,1805,1805,152130029,15,21,300,2,9,江蘇省,Jiangsu,119.981765,32.956244,
1805,1805,1805,1805,152130029,15,21,300,2,9,江蘇省,Jiangsu,120.061609,32.508067,
1805,1805,1805,1805,152130029,15,21,300,2,9,江蘇省,Jiangsu,120.553937,32.784224,
1807,1807,1807,1807,153200029,15,32,000,2,9,江蘇省,Jiangsu,117.322622,34.311265,
1808,1808,1808,1808,153400029,15,34,000,2,9,江蘇省,Jiangsu,117.322622,34.311265,
1810,1810,1810,1810,152130629,15,21,306,2,9,江蘇省,Jiangsu,119.490634,32.831306,
1810,1810,1810,1810,152100009,15,21,000,0,9,江蘇省,Jiangsu,119.280564,33.503341,
1810,1810,1810,1810,152130029,15,21,300,2,9,江蘇省,Jiangsu,118.312504,33.963181,
1810,1810,1810,1810,153300009,15,33,000,0,9,江蘇省,Jiangsu,118.312504,33.963181,
1810,1810,1810,1810,153300009,15,33,000,0,9,江蘇省,Jiangsu,117.322622,34.311265,
1810,1810,1810,1810,152130029,15,21,300,2,9,江蘇省,Jiangsu,119.027584,34.888509,
1811,1811,1811,1811,152130029,15,21,300,2,9,江蘇省,Jiangsu,120.625761,31.01201,
1813,1813,1813,1813,152130029,15,21,300,2,9,江蘇省,Jiangsu,118.312504,33.963181,
1814,1814,1814,1814,152130129,15,21,301,2,9,江蘇省,Jiangsu,120.625761,31.01201,
1815,1815,1815,1815,152130029,15,21,300,2,9,江蘇省,Jiangsu,120.625761,31.01201,
1815,1815,1815,1815,152130429,15,21,304,2,9,江蘇省,Jiangsu,121.006976,32.078142,
1816,1816,1816,1816,152100009,15,21,000,0,9,江蘇省,Jiangsu,120.625761,31.01201,
1815,1815,1815,1815,152130029,15,21,300,2,9,江蘇省,Jiangsu,120.625761,31.01201,
1816,1816,1816,1816,152100009,15,21,000,0,9,江蘇省,Jiangsu,120.625761,31.01201,
1816,1816,1816,1816,152100009,15,21,000,0,9,江蘇省,Jiangsu,119.78552,31.358953,
1817,1817,1817,1817,152130029,15,21,300,2,9,江蘇省,Jiangsu,120.95298,31.323023,
1817,1817,1817,1817,152130421,15,21,304,2,1,江蘇省,Jiangsu,121.006976,32.078142,
1818,1818,1818,1818,152130129,15,21,301,2,9,江蘇省,Jiangsu,120.603069,31.309043,
1818,1818,1818,1818,152130129,15,21,301,2,9,江蘇省,Jiangsu,120.603069,31.309043,
1821,1821,1821,1821,152130029,15,21,300,2,9,江蘇省,Jiangsu,119.188204,32.388233,
1823,1823,1823,1823,152130129,15,21,301,2,9,江蘇省,Jiangsu,120.397516,31.224485,
1823,1823,1823,1823,152130129,15,21,301,2,9,江蘇省,Jiangsu,120.397516,31.224485,
1823,1823,1823,1823,152130029,15,21,300,2,9,江蘇省,Jiangsu,120.95298,31.323023,
1823,1823,1823,1823,152130029,15,21,300,2,9,江蘇省,Jiangsu,120.625761,31.01201,
1823,1823,1823,1823,152130029,15,21,300,2,9,江蘇省,Jiangsu,120.625761,31.01201,
1823,1823,1823,1823,152130029,15,21,300,2,9,江蘇省,Jiangsu,120.625761,31.01201,
1823,1823,1823,1823,152130029,15,21,300,2,9,江蘇省,Jiangsu,120.625761,31.01201,
1823,1823,1823,1823,152130029,15,21,300,2,9,江蘇省,Jiangsu,120.625761,31.01201,
1823,1823,1823,1823,152130029,15,21,300,2,9,江蘇省,Jiangsu,120.625761,31.01201,
1823,1823,1823,1823,152130859,15,21,308,5,9,江蘇省,Jiangsu,120.625761,31.01201,
1823,1823,1823,1823,152130859,15,21,308,5,9,江蘇省,Jiangsu,120.625761,31.01201,
1823,1823,1823,1823,150130029,15,01,300,2,9,江蘇省,Jiangsu,121.006976,32.078142,
1823,1823,1823,1823,152130022,15,21,300,2,2,江蘇省,Jiangsu,120.568183,32.264155,
1824,1824,1824,1825,152130029,15,21,300,2,9,江蘇省,Jiangsu,120.29982,31.833936,
1824,1824,1825,1825,152130229,15,21,302,2,9,江蘇省,Jiangsu,119.490634,32.831306,
1824,1824,1824,1824,152130022,15,21,300,2,2,江蘇省,Jiangsu,120.061609,32.508067,
1826,1826,1826,1826,153400009,15,34,000,0,9,江蘇省,Jiangsu,117.322622,34.311265,
1832,1832,1832,1832,152150400,15,21,504,0,0,江蘇省,Jiangsu,120.397516,31.224485,
1833,1833,1833,1833,152130129,15,21,301,2,9,江蘇省,Jiangsu,118.824123,32.118003,
1833,1833,1833,1833,152130029,15,21,300,2,9,江蘇省,Jiangsu,118.824123,32.118003,
1833,1833,1833,1833,152100009,15,21,000,0,9,江蘇省,Jiangsu,118.824123,32.118003,
1833,1833,1833,1833,152130229,15,21,302,2,9,江蘇省,Jiangsu,118.837253,32.406633,
1833,1833,1833,1833,152130629,15,21,306,2,9,江蘇省,Jiangsu,118.837253,32.406633,
1833,1833,1833,1833,152130029,15,21,300,2,9,江蘇省,Jiangsu,120.397516,31.224485,
1833,1833,1833,1833,152100009,15,21,000,0,9,江蘇省,Jiangsu,120.625761,31.01201,
1833,1833,1833,1833,152130029,15,21,300,2,9,江蘇省,Jiangsu,120.29982,31.833936,
1833,1833,1833,1833,152100009,15,21,000,0,9,江蘇省,Jiangsu,119.503724,31.722212,
1833,1833,1833,1833,152130029,15,21,300,2,9,江蘇省,Jiangsu,120.092824,32.219519,
1833,1833,1833,1833,152130029,15,21,300,2,9,江蘇省,Jiangsu,120.263248,32.034773,
1833,1833,1833,1833,152130029,15,21,300,2,9,江蘇省,Jiangsu,121.006976,32.078142,
1834,1834,1834,1834,152100009,15,21,000,0,9,江蘇省,Jiangsu,120.95298,31.323023,
1835,1835,1835,1835,152130029,15,21,300,2,9,江蘇省,Jiangsu,119.490634,32.831306,
1835,1835,1835,1835,152130029,15,21,300,2,9,江蘇省,Jiangsu,120.061609,32.508067,
1835,1835,1835,1835,152130029,15,21,300,2,9,江蘇省,Jiangsu,120.568183,32.264155,
1837,1837,1837,1837,152130429,15,21,304,2,9,江蘇省,Jiangsu,120.29982,31.833936,
1837,1837,1837,1837,151100009,15,11,000,0,9,江蘇省,Jiangsu,120.29982,31.833936,
1837,1837,1837,1837,152130029,15,21,300,2,9,江蘇省,Jiangsu,118.312504,33.963181,
1837,1837,1837,1837,152130129,15,21,301,2,9,江蘇省,Jiangsu,117.876958,33.944061,
1838,1838,1838,1838,152132029,15,21,320,2,9,江蘇省,Jiangsu,119.78552,31.358953,
1838,1838,1838,1838,152130029,15,21,300,2,9,江蘇省,Jiangsu,121.006976,32.078142,
1839,1839,1839,1839,152130129,15,21,301,2,9,江蘇省,Jiangsu,120.397516,31.224485,
1839,1839,1839,1839,152130029,15,21,300,2,9,江蘇省,Jiangsu,117.876958,33.944061,
1842,1842,1842,1842,152130029,15,21,300,2,9,江蘇省,Jiangsu,117.889775,34.399354,
1843,1843,1843,1843,152100009,15,21,000,0,9,江蘇省,Jiangsu,120.625761,31.01201,
1843,1843,1843,1843,152130029,15,21,300,2,9,江蘇省,Jiangsu,120.568183,32.264155,
1844,1844,1844,1844,152130029,15,21,300,2,9,江蘇省,Jiangsu,117.889775,34.399354,
1845,1845,1845,1845,152130429,15,21,304,2,9,江蘇省,Jiangsu,120.625761,31.01201,
1845,1845,1845,1846,152100009,15,21,000,0,9,江蘇省,Jiangsu,120.625761,31.01201,
1845,1845,1845,1845,152100009,15,21,000,0,9,江蘇省,Jiangsu,119.490634,32.831306,
1845,1845,1845,1845,152100009,15,21,000,0,9,江蘇省,Jiangsu,120.061609,32.508067,
1846,1846,1846,1846,152130029,15,21,300,2,9,江蘇省,Jiangsu,119.370599,31.423776,
1846,1846,1846,1846,152130029,15,21,300,2,9,江蘇省,Jiangsu,119.78552,31.358953,
1846,1846,1846,1846,152100009,15,21,000,0,9,江蘇省,Jiangsu,118.640902,33.70502,
1846,1846,1846,1846,152130029,15,21,300,2,9,江蘇省,Jiangsu,118.312504,33.963181,
1846,1846,1846,1846,152130029,15,21,300,2,9,江蘇省,Jiangsu,119.69293,33.708995,
1846,1846,1846,1846,151100009,15,11,000,0,9,江蘇省,Jiangsu,116.603152,34.690638,
1846,1846,1846,1846,152130229,15,21,302,2,9,江蘇省,Jiangsu,116.603152,34.690638,
1848,1848,1848,1848,152130229,15,21,302,2,9,江蘇省,Jiangsu,118.961703,31.332019,
1848,1848,1848,1848,152130029,15,21,300,2,9,江蘇省,Jiangsu,120.29982,31.833936,
1848,1848,1848,1848,152130029,15,21,300,2,9,江蘇省,Jiangsu,119.505288,32.116972,
1848,1848,1848,1848,152130029,15,21,300,2,9,江蘇省,Jiangsu,119.445274,32.406239,
1848,1848,1848,1848,152130029,15,21,300,2,9,江蘇省,Jiangsu,119.445274,32.406239,
1848,1848,1848,1848,152130029,15,21,300,2,9,江蘇省,Jiangsu,119.445274,32.406239,
1848,1848,1848,1848,152130029,15,21,300,2,9,江蘇省,Jiangsu,119.689557,32.536571,
1848,1848,1848,1848,152130029,15,21,300,2,9,江蘇省,Jiangsu,119.689557,32.536571,
1848,1848,1848,1848,152130029,15,21,300,2,9,江蘇省,Jiangsu,119.188204,32.388233,
1848,1848,1848,1848,152130029,15,21,300,2,9,江蘇省,Jiangsu,119.188204,32.388233,
1848,1848,1848,1848,152130029,15,21,300,2,9,江蘇省,Jiangsu,119.188204,32.388233,
1848,1848,1848,1848,152130029,15,21,300,2,9,江蘇省,Jiangsu,119.188204,32.388233,
1848,1848,1848,1848,152130029,15,21,300,2,9,江蘇省,Jiangsu,119.188204,32.388233,
1848,1848,1848,1848,152130029,15,21,300,2,9,江蘇省,Jiangsu,119.188204,32.388233,
1848,1848,1848,1848,152130029,15,21,300,2,9,江蘇省,Jiangsu,119.490634,32.831306,
1848,1848,1848,1848,152130029,15,21,300,2,9,江蘇省,Jiangsu,120.061609,32.508067,
1848,1848,1848,1848,150100009,15,01,000,0,9,江蘇省,Jiangsu,120.092824,32.219519,
1848,1848,1848,1848,152130029,15,21,300,2,9,江蘇省,Jiangsu,120.263248,32.034773,
1848,1848,1848,1848,150130029,15,01,300,2,9,江蘇省,Jiangsu,121.006976,32.078142,
1848,1848,1848,1848,152130229,15,21,302,2,9,江蘇省,Jiangsu,120.054135,33.30777,
1848,1848,1848,1848,152130029,15,21,300,2,9,江蘇省,Jiangsu,120.553937,32.784224,
1849,1849,1849,1849,152100003,15,21,000,0,3,江蘇省,Jiangsu,119.445075,32.4237,
1850,1850,1850,1850,152130029,15,21,300,2,9,江蘇省,Jiangsu,118.961703,31.332019,
1850,1850,1850,1850,152100009,15,21,000,0,9,江蘇省,Jiangsu,120.95298,31.323023,
1850,1850,1850,1850,152130029,15,21,300,2,9,江蘇省,Jiangsu,121.127022,31.551683,
1849,1849,1849,1849,152130029,15,21,300,2,9,江蘇省,Jiangsu,121.127022,31.551683,
1851,1851,1851,1851,152130029,15,21,300,2,9,江蘇省,Jiangsu,120.95298,31.323023,
1851,1851,1851,1851,150100009,15,01,000,0,9,江蘇省,Jiangsu,119.981765,32.956244,
1851,1851,1851,1851,152130229,15,21,302,2,9,江蘇省,Jiangsu,117.876958,33.944061,
1852,1852,1852,1852,152130029,15,21,300,2,9,江蘇省,Jiangsu,120.808317,31.655226,
1852,1852,1852,1852,152130429,15,21,304,2,9,江蘇省,Jiangsu,119.981765,32.956244,
1852,1852,1852,1852,152130029,15,21,300,2,9,江蘇省,Jiangsu,119.280564,33.503341,
1852,1852,1852,1852,152130229,15,21,302,2,9,江蘇省,Jiangsu,119.69293,33.708995,
1853,1853,1853,1853,152100009,15,21,000,0,9,江蘇省,Jiangsu,120.054135,33.30777,
1855,1855,1855,1855,152132129,15,21,321,2,9,江蘇省,Jiangsu,119.490634,32.831306,
1855,1855,1855,1855,152132129,15,21,321,2,9,江蘇省,Jiangsu,119.981765,32.956244,
1855,1855,1855,1855,152100009,15,21,000,0,9,江蘇省,Jiangsu,119.981765,32.956244,
1856,1856,1856,1856,150130023,15,01,300,2,3,江蘇省,Jiangsu,118.523523,32.032504,
1856,1856,1856,1856,152130029,15,21,300,2,9,江蘇省,Jiangsu,118.921746,33.658644,
1857,1857,1857,1857,152130029,15,21,300,2,9,江蘇省,Jiangsu,118.837253,32.406633,
1857,1857,1857,1857,152130120,15,21,301,2,0,江蘇省,Jiangsu,120.29982,31.833936,
1857,1857,1857,1857,152130029,15,21,300,2,9,江蘇省,Jiangsu,119.490634,32.831306,
1857,1857,1857,1857,152130029,15,21,300,2,9,江蘇省,Jiangsu,120.263248,32.034773,
1857,1857,1857,1857,152100009,15,21,000,0,9,江蘇省,Jiangsu,120.263248,32.034773,
1857,1857,1857,1857,152130229,15,21,302,2,9,江蘇省,Jiangsu,116.897453,34.699891,
1858,1858,1858,1858,152130029,15,21,300,2,9,江蘇省,Jiangsu,120.568183,32.264155,
1858,1858,1858,1858,152130029,15,21,300,2,9,江蘇省,Jiangsu,118.312504,33.963181,
1859,1859,1859,1859,152130029,15,21,300,2,9,江蘇省,Jiangsu,119.981765,32.956244,
1860,1860,1860,1860,152130029,15,21,300,2,9,江蘇省,Jiangsu,119.490634,32.831306,
1860,1860,1860,1860,152130029,15,21,300,2,9,江蘇省,Jiangsu,119.981765,32.956244,
1860,1860,1860,1860,152130029,15,21,300,2,9,江蘇省,Jiangsu,119.442397,33.221142,
1860,1860,1860,1860,152130029,15,21,300,2,9,江蘇省,Jiangsu,119.69293,33.708995,
1861,1861,1861,1861,152100009,15,21,000,0,9,江蘇省,Jiangsu,119.505288,32.116972,
1862,1862,1862,1862,152130029,15,21,300,2,9,江蘇省,Jiangsu,118.312504,33.963181,
1862,1862,1862,1862,150100009,15,01,000,0,9,江蘇省,Jiangsu,117.876958,33.944061,
1864,1864,1864,1864,150130029,15,01,300,2,9,江蘇省,Jiangsu,120.603069,31.309043,
1864,1864,1864,1864,152130029,15,21,300,2,9,江蘇省,Jiangsu,120.95298,31.323023,
1864,1864,1864,1864,150130029,15,01,300,2,9,江蘇省,Jiangsu,121.127022,31.551683,
1864,1864,1864,1864,150130029,15,01,300,2,9,江蘇省,Jiangsu,120.808317,31.655226,
1864,1864,1864,1864,152130029,15,21,300,2,9,江蘇省,Jiangsu,120.808317,31.655226,
1864,1864,1864,1864,152100009,15,21,000,0,9,江蘇省,Jiangsu,120.263248,32.034773,
1865,1865,1865,1865,152100009,15,21,000,0,9,江蘇省,Jiangsu,119.505288,32.116972,
1865,1865,1865,1865,152100009,15,21,000,0,9,江蘇省,Jiangsu,120.263248,32.034773,
1865,1865,1865,1865,152130029,15,21,300,2,9,江蘇省,Jiangsu,118.312504,33.963181,
1866,1866,1866,1866,152130029,15,21,300,2,9,江蘇省,Jiangsu,120.95298,31.323023,
1866,1866,1866,1866,150130029,15,01,300,2,9,江蘇省,Jiangsu,119.490634,32.831306,
1866,1866,1866,1866,152130629,15,21,306,2,9,江蘇省,Jiangsu,119.490634,32.831306,
1866,1866,1866,1866,152130629,15,21,306,2,9,江蘇省,Jiangsu,119.981765,32.956244,
1866,1866,1866,1866,152130029,15,21,300,2,9,江蘇省,Jiangsu,118.312504,33.963181,
1867,1867,1867,1867,152130029,15,21,300,2,9,江蘇省,Jiangsu,118.961703,31.332019,
1867,1867,1867,1867,152130029,15,21,300,2,9,江蘇省,Jiangsu,120.29982,31.833936,
1867,1867,1867,1867,152100009,15,21,000,0,9,江蘇省,Jiangsu,120.263248,32.034773,
1867,1867,1867,1867,152100009,15,21,000,0,9,江蘇省,Jiangsu,119.69293,33.708995,
1868,1868,1868,1868,152130029,15,21,300,2,9,江蘇省,Jiangsu,118.312504,33.963181,
1869,1869,1869,1869,152130029,15,21,300,2,9,江蘇省,Jiangsu,119.370599,31.423776,
1869,1869,1869,1869,152130029,15,21,300,2,9,江蘇省,Jiangsu,119.503724,31.722212,
1869,1869,1869,1869,152100009,15,21,000,0,9,江蘇省,Jiangsu,120.263248,32.034773,
1870,1870,1870,1870,152130029,15,21,300,2,9,江蘇省,Jiangsu,118.312504,33.963181,
1871,1871,1871,1871,152100009,15,21,000,0,9,江蘇省,Jiangsu,118.961703,31.332019,
1871,1871,1871,1871,152130029,15,21,300,2,9,江蘇省,Jiangsu,120.29982,31.833936,
1872,1872,1872,1872,152130029,15,21,300,2,9,江蘇省,Jiangsu,119.027201,31.595081,
1872,1872,1872,1872,152130029,15,21,300,2,9,江蘇省,Jiangsu,119.370599,31.423776,
1872,1872,1872,1872,152130029,15,21,300,2,9,江蘇省,Jiangsu,119.78552,31.358953,
1872,1872,1872,1872,151100009,15,11,000,0,9,江蘇省,Jiangsu,119.78552,31.358953,
1872,1872,1872,1873,152130029,15,21,300,2,9,江蘇省,Jiangsu,118.312504,33.963181,
1873,1873,1873,1873,152130029,15,21,300,2,9,江蘇省,Jiangsu,120.29982,31.833936,
1873,1873,1873,1873,152130229,15,21,302,2,9,江蘇省,Jiangsu,116.897453,34.699891,
1874,1874,1875,1875,152130029,15,21,300,2,9,江蘇省,Jiangsu,119.505288,32.116972,
1875,1875,1875,1875,152130029,15,21,300,2,9,江蘇省,Jiangsu,121.127022,31.551683,
1875,1875,1875,1875,152130029,15,21,300,2,9,江蘇省,Jiangsu,119.69293,33.708995,
1875,1875,1875,1875,152130221,15,21,302,2,1,江蘇省,Jiangsu,116.603152,34.690638,
1877,1877,1877,1877,152130029,15,21,300,2,9,江蘇省,Jiangsu,118.824123,32.118003,
1877,1877,1877,1877,150130029,15,01,300,2,9,江蘇省,Jiangsu,120.397516,31.224485,
1877,1877,1877,1877,152130029,15,21,300,2,9,江蘇省,Jiangsu,120.95298,31.323023,
1877,1877,1877,1877,152100009,15,21,000,0,9,江蘇省,Jiangsu,120.95298,31.323023,
1877,1877,1877,1877,152130021,15,21,300,2,1,江蘇省,Jiangsu,121.127022,31.551683,
1877,1877,1877,1877,152130029,15,21,300,2,9,江蘇省,Jiangsu,120.335992,31.567522,
1877,1877,1877,1877,152130029,15,21,300,2,9,江蘇省,Jiangsu,120.29982,31.833936,
1877,1877,1877,1877,152130029,15,21,300,2,9,江蘇省,Jiangsu,119.370599,31.423776,
1877,1877,1877,1877,152130029,15,21,300,2,9,江蘇省,Jiangsu,119.920709,31.748661,
1877,1877,1877,1877,152130429,15,21,304,2,9,江蘇省,Jiangsu,119.981765,32.956244,
1877,1877,1877,1877,152130029,15,21,300,2,9,江蘇省,Jiangsu,120.061609,32.508067,
1877,1877,1877,1877,152130029,15,21,300,2,9,江蘇省,Jiangsu,120.263248,32.034773,
1877,1877,1877,1877,152130029,15,21,300,2,9,江蘇省,Jiangsu,118.312504,33.963181,
1877,1877,1877,1877,152130029,15,21,300,2,9,江蘇省,Jiangsu,119.69293,33.708995,
1879,1879,1879,1879,152130029,15,21,300,2,9,江蘇省,Jiangsu,120.397516,31.224485,
1879,1879,1879,1879,152130029,15,21,300,2,9,江蘇省,Jiangsu,118.921746,33.658644,
1879,1879,1879,1879,152130229,15,21,302,2,9,江蘇省,Jiangsu,116.603152,34.690638,
1879,1879,1879,1879,153330029,15,33,300,2,9,江蘇省,Jiangsu,116.603152,34.690638,
1880,1880,1880,1880,151100009,15,11,000,0,9,江蘇省,Jiangsu,118.961703,31.332019,
1880,1880,1880,1880,152130029,15,21,300,2,9,江蘇省,Jiangsu,119.689557,32.536571,
1880,1880,1880,1880,152100609,15,21,006,0,9,江蘇省,Jiangsu,119.490634,32.831306,
1881,1881,1881,1881,151100009,15,11,000,0,9,江蘇省,Jiangsu,118.523523,32.032504,
1881,1881,1881,1881,152130020,15,21,300,2,0,江蘇省,Jiangsu,119.78552,31.358953,
1881,1881,1881,1881,151100009,15,11,000,0,9,江蘇省,Jiangsu,119.78552,31.358953,
1881,1881,1881,1881,151200009,15,12,000,0,9,江蘇省,Jiangsu,119.78552,31.358953,
1881,1881,1881,1881,152100009,15,21,000,0,9,江蘇省,Jiangsu,119.981765,32.956244,
1881,1881,1881,1881,150100009,15,01,000,0,9,江蘇省,Jiangsu,120.568183,32.264155,
1881,1881,1881,1881,152100009,15,21,000,0,9,江蘇省,Jiangsu,120.054135,33.30777,
1881,1881,1881,1881,152100009,15,21,000,0,9,江蘇省,Jiangsu,119.69293,33.708995,
1881,1881,1881,1881,150100009,15,01,000,0,9,江蘇省,Jiangsu,119.69293,33.708995,
1881,1881,1881,1881,152132120,15,21,321,2,0,江蘇省,Jiangsu,119.69293,33.708995,
1883,1883,1883,1883,152130029,15,21,300,2,9,江蘇省,Jiangsu,118.824123,32.118003,
1883,1883,1883,1883,152130129,15,21,301,2,9,江蘇省,Jiangsu,118.523523,32.032504,
1883,1883,1883,1883,152100039,15,21,000,3,9,江蘇省,Jiangsu,121.127022,31.551683,
1883,1883,1883,1883,152130120,15,21,301,2,0,江蘇省,Jiangsu,120.29982,31.833936,
1883,1883,1883,1883,152132129,15,21,321,2,9,江蘇省,Jiangsu,119.78552,31.358953,
1883,1883,1883,1883,152130029,15,21,300,2,9,江蘇省,Jiangsu,120.092824,32.219519,
1884,1884,1884,1884,152130029,15,21,300,2,9,江蘇省,Jiangsu,120.625761,31.01201,
1884,1884,1884,1884,152130029,15,21,300,2,9,江蘇省,Jiangsu,119.69293,33.708995,
1885,1885,1885,1885,152100000,15,21,000,0,0,江蘇省,Jiangsu,119.689557,32.536571,
1885,1885,1885,1885,152130229,15,21,302,2,9,江蘇省,Jiangsu,120.092824,32.219519,
1886,1886,1886,1886,151200009,15,12,000,0,9,江蘇省,Jiangsu,120.95298,31.323023,
1886,1886,1886,1886,152130122,15,21,301,2,2,江蘇省,Jiangsu,120.808317,31.655226,
1887,1887,1887,1887,152130129,15,21,301,2,9,江蘇省,Jiangsu,119.461049,32.203049,
1887,1887,1887,1887,152100009,15,21,000,0,9,江蘇省,Jiangsu,119.461049,32.203049,
1888,1888,1888,1888,152130222,15,21,302,2,2,江蘇省,Jiangsu,120.054135,33.30777,
1890,1890,1890,1890,151100001,15,11,000,0,1,江蘇省,Jiangsu,116.603152,34.690638,
1890,1890,1890,1890,152100009,15,21,000,0,9,江蘇省,Jiangsu,116.603152,34.690638,
1891,1891,1891,1891,152130021,15,21,300,2,1,江蘇省,Jiangsu,118.837253,32.406633,
1891,1891,1891,1891,152130420,15,21,304,2,0,江蘇省,Jiangsu,120.625761,31.01201,
1891,1891,1891,1891,152130059,15,21,300,5,9,江蘇省,Jiangsu,120.335992,31.567522,
1891,1891,1891,1891,152130520,15,21,305,2,0,江蘇省,Jiangsu,119.78552,31.358953,
1891,1891,1891,1891,151100009,15,11,000,0,9,江蘇省,Jiangsu,119.78552,31.358953,
1891,1891,1891,1891,152130029,15,21,300,2,9,江蘇省,Jiangsu,120.061609,32.508067,
1892,1892,1892,1892,152100009,15,21,000,0,9,江蘇省,Jiangsu,118.824123,32.118003,
1893,1893,1893,1893,152130029,15,21,300,2,9,江蘇省,Jiangsu,119.490634,32.831306,
1893,1893,1893,1893,151100009,15,11,000,0,9,江蘇省,Jiangsu,119.490634,32.831306,
1893,1893,1893,1893,152130029,15,21,300,2,9,江蘇省,Jiangsu,119.981765,32.956244,
1893,1893,1893,1893,151100009,15,11,000,0,9,江蘇省,Jiangsu,119.981765,32.956244,
1893,1893,1894,1894,152100009,15,21,000,0,9,江蘇省,Jiangsu,119.328894,34.618599,
1894,1894,1894,1894,152100009,15,21,000,0,9,江蘇省,Jiangsu,120.397516,31.224485,
1894,1894,1894,1894,152130029,15,21,300,2,9,江蘇省,Jiangsu,119.69293,33.708995,
1894,1894,1894,1894,152132129,15,21,321,2,9,江蘇省,Jiangsu,116.603152,34.690638,
1895,1895,1895,1895,152130029,15,21,300,2,9,江蘇省,Jiangsu,118.312504,33.963181,
1895,1895,1895,1895,152130029,15,21,300,2,9,江蘇省,Jiangsu,116.897453,34.699891,
1897,1897,1897,1897,152130029,15,21,300,2,9,江蘇省,Jiangsu,118.824123,32.118003,
1898,1898,1898,1898,152100009,15,21,000,0,9,江蘇省,Jiangsu,119.981765,32.956244,
1899,1899,1899,1899,152100002,15,21,000,0,2,江蘇省,Jiangsu,119.280564,33.503341,
1900,1900,1900,1900,151100009,15,11,000,0,9,江蘇省,Jiangsu,118.961703,31.332019,
1900,1900,1900,1900,152100009,15,21,000,0,9,江蘇省,Jiangsu,120.95298,31.323023,
1901,1901,1901,1901,152130022,15,21,300,2,2,江蘇省,Jiangsu,118.824123,32.118003,
1901,1901,1901,1901,152130029,15,21,300,2,9,江蘇省,Jiangsu,118.837253,32.406633,
1901,1901,1901,1901,152130020,15,21,300,2,0,江蘇省,Jiangsu,120.397516,31.224485,
1901,1901,1901,1901,152130029,15,21,300,2,9,江蘇省,Jiangsu,120.95298,31.323023,
1849,1849,1849,1849,152100023,15,21,000,2,3,江蘇省,Jiangsu,119.505288,32.116972,
1901,1901,1901,1901,150100009,15,01,000,0,9,江蘇省,Jiangsu,119.689557,32.536571,
1901,1901,1901,1901,152100000,15,21,000,0,0,江蘇省,Jiangsu,120.568183,32.264155,
1901,1901,1901,1901,152130029,15,21,300,2,9,江蘇省,Jiangsu,118.312504,33.963181,
1901,1901,1901,1901,152130029,15,21,300,2,9,江蘇省,Jiangsu,116.897453,34.699891,
1902,1902,1902,1902,152130029,15,21,300,2,9,江蘇省,Jiangsu,120.95298,31.323023,
1902,1902,1902,1902,151100009,15,11,000,0,9,江蘇省,Jiangsu,120.95298,31.323023,
1902,1902,1902,1902,152130029,15,21,300,2,9,江蘇省,Jiangsu,120.061609,32.508067,
1902,1902,1902,1902,150100009,15,01,000,0,9,江蘇省,Jiangsu,121.006976,32.078142,
1902,1902,1902,1902,152130129,15,21,301,2,9,江蘇省,Jiangsu,119.69293,33.708995,
1905,1905,1905,1905,152130029,15,21,300,2,9,江蘇省,Jiangsu,118.961703,31.332019,
1905,1905,1905,1905,150100009,15,01,000,0,9,江蘇省,Jiangsu,121.006976,32.078142,
1905,1905,1905,1905,152100009,15,21,000,0,9,江蘇省,Jiangsu,121.309149,31.968423,
1906,1906,1906,1906,152130029,15,21,300,2,9,江蘇省,Jiangsu,118.837253,32.406633,
1906,1906,1906,1906,152130029,15,21,300,2,9,江蘇省,Jiangsu,119.633618,31.95808,
1907,1907,1907,1907,152130029,15,21,300,2,9,江蘇省,Jiangsu,120.397516,31.224485,
1908,1908,1908,1908,152130029,15,21,300,2,9,江蘇省,Jiangsu,118.312504,33.963181,
1909,1909,1910,1910,152130029,15,21,300,2,9,江蘇省,Jiangsu,119.503724,31.722212,
1910,1910,1910,1910,152130029,15,21,300,2,9,江蘇省,Jiangsu,118.824123,32.118003,
1910,1910,1910,1910,152130029,15,21,300,2,9,江蘇省,Jiangsu,120.397516,31.224485,
1910,1910,1910,1910,152130029,15,21,300,2,9,江蘇省,Jiangsu,119.503724,31.722212,
1910,1910,1911,1911,152130029,15,21,300,2,9,江蘇省,Jiangsu,119.490634,32.831306,
1910,1910,1911,1911,152130029,15,21,300,2,9,江蘇省,Jiangsu,119.981765,32.956244,
1910,1910,1911,1911,152130029,15,21,300,2,9,江蘇省,Jiangsu,118.640902,33.70502,
1910,1910,1911,1911,152130029,15,21,300,2,9,江蘇省,Jiangsu,119.69293,33.708995,
1911,1911,1911,1911,152130129,15,21,301,2,9,江蘇省,Jiangsu,120.95298,31.323023,
1911,1911,1911,1911,152100001,15,21,000,0,1,江蘇省,Jiangsu,120.95298,31.323023,
1911,1911,1911,1911,150100009,15,01,000,0,9,江蘇省,Jiangsu,120.808317,31.655226,
1911,1911,1911,1911,152130029,15,21,300,2,9,江蘇省,Jiangsu,119.633618,31.95808,
1911,1911,1911,1911,152100099,15,21,000,9,9,江蘇省,Jiangsu,119.78552,31.358953,
1911,1911,1911,1911,150100000,15,01,000,0,0,江蘇省,Jiangsu,120.568183,32.264155,
1911,1911,1911,1911,152130129,15,21,301,2,9,江蘇省,Jiangsu,120.568183,32.264155,
1911,1911,1911,1911,152130022,15,21,300,2,2,江蘇省,Jiangsu,119.69293,33.708995,
1911,1911,1912,1912,152130029,15,21,300,2,9,江蘇省,Jiangsu,119.027584,34.888509,
